nom,date,contacts_seen,cumulative_confirmed_cases,cumulative_confirmed_deaths,cumulative_contacts_isolated,cumulative_contacts_traced,cumulative_suspected_cases,cumulative_suspected_deaths,hosp_escaped,hospitalised,in_bed_previous_day,national_cumulative_confirmed_cases,national_cumulative_confirmed_deaths,national_cumulative_recovered_cases,national_cumulative_suspected_cases,national_cumulative_suspected_deaths,national_suspected_cases_in_isolation,national_suspected_cases_under_investigation,new_confirmed_cases,new_contacts_isolated,new_contacts_listed,new_hosp_admissions,new_hosp_detainees,new_hosp_other,new_suspected_cases,new_suspected_deaths,total_poe_hand_washing,total_poe_passed,total_poe_refused_hand_washing,total_poe_refused_screening,total_poe_sanitised,total_poe_screened
Adi,2026-05-22,,,,5,,,,,,,,,,,,,,,5,,,,,,,,,,,,
Ariwara,2026-07-11,,1,1,,,,,,,,,,,,,,,,,,,,,,,,,,,,
Aru,2026-05-20,,,,,,,,,,,,,,,,,,,,,,,,,,718,718,0,0,718,718
Aru,2026-05-22,ND,1,,,0,3,,,,,,,,,,,,1,,0,,,,3,0,1010,1143,133,133,1143,1010
Aru,2026-05-23,ND,1,,1,0,4,1,0,2.0,2,,,,,,,,ND,1,ND,0.0,0.0,0.0,1,1,1010,1143,133,133,1143,1010
Aru,2026-05-24,ND,1,,ND,0,4,1,0,2.0,2,,,,,,,,0,ND,0,0.0,0.0,0.0,ND,0,,,,,,
Aru,2026-05-25,,1,,,0,4,1,,,,,,,,,,,0,,0,,,,0,0,,,,,,
Aru,2026-05-26,,1,,,0,4,1,,,,,,,,,,,0,,0,,,,0,0,,,,,,
Aru,2026-05-27,,1,,,0,4,1,,,,,,,,,,,0,,0,,,,ND,ND,,,,,,
Aru,2026-05-28,,2,1,,0,4,1,,,,,,,,,,,,,ND,,,,,,,,,,,
Aru,2026-05-29,,2,1,,0,4,1,0,2.0,2,,,,,,,,0,,107,,0.0,,ND,ND,,,,,,
Aru,2026-05-30,,2,1,,0,4,1,0,5.0,5,,,,,,,,,,ND,,0.0,,,,,,,,,
Aru,2026-06-01,,2,1,,,,,,,,,,,,,,,0,,,,,,,,,,,,,
Aru,2026-06-02,,2,1,,,,,,,,,,,,,,,,,,,,,,,,,,,,
Aru,2026-06-03,,2,1,,,,,,,,,,,,,,,,,,,,,,,,,,,,
Aru,2026-06-04,,3,1,,,,,,,,,,,,,,,,,,,,,,,,,,,,
Aru,2026-06-05,,3,1,,,,,,,,,,,,,,,,,,,,,,,,,,,,
Aru,2026-06-06,,3,1,,,,,,,,,,,,,,,,,,,,,,,,,,,,
Aru,2026-06-07,,3,1,,,,,,,,,,,,,,,,,,,,,,,,,,,,
Aru,2026-06-08,,3,1,,,,,,,,,,,,,,,,,,,,,,,,,,,,
Aru,2026-06-09,,3,1,,,,,,,,,,,,,,,,,,,,,,,,,,,,
Aru,2026-06-10,,3,1,,,,,,,,,,,,,,,,,,,,,,,,,,,,
Aru,2026-06-11,,3,1,,,,,,,,,,,,,,,,,,,,,,,,,,,,
Aru,2026-06-13,,3,1,,,,,,,,,,,,,,,,,,,,,,,,,,,,
Aru,2026-06-14,,3,1,,,,,,,,,,,,,,,,,,,,,,,,,,,,
Aru,2026-06-15,,3,1,,,,,,,,,,,,,,,,,,,,,,,,,,,,
Aru,2026-06-16,,3,,,,,,,,,,,,,,,,,,,,,,,,,,,,,
Aru,2026-06-17,,3,1,,,,,,,,,,,,,,,,,,,,,,,,,,,,
Aru,2026-06-18,,3,1,,,,,,,,,,,,,,,,,,,,,,,,,,,,
Aru,2026-06-19,,3,1,,,,,,,,,,,,,,,,,,,,,,,,,,,,
Aru,2026-06-20,,3,1,,,,,,,,,,,,,,,,,,,,,,,,,,,,
Aru,2026-06-21,,3,1,,,,,,,,,,,,,,,,,,,,,,,,,,,,
Aru,2026-06-22,,3,1,,,,,,,,,,,,,,,,,,,,,,,,,,,,
Aru,2026-06-23,,3,1,,,,,,,,,,,,,,,,,,,,,,,,,,,,
Aru,2026-06-24,,3,1,,,,,,,,,,,,,,,,,,,,,,,,,,,,
Aru,2026-06-25,,3,1,,,,,,,,,,,,,,,,,,,,,,,,,,,,
Aru,2026-06-29,,3,1,,,,,,,,,,,,,,,,,,,,,,,,,,,,
Aru,2026-06-30,,3,1,,,,,,,,,,,,,,,,,,,,,,,,,,,,
Aru,2026-07-01,,3,1,,,,,,,,,,,,,,,,,,,,,,,,,,,,
Aru,2026-07-02,,3,1,,,,,,,,,,,,,,,,,,,,,,,,,,,,
Aru,2026-07-03,,3,1,,,,,,,,,,,,,,,,,,,,,,,,,,,,
Aru,2026-07-04,,3,1,,,,,,,,,,,,,,,,,,,,,,,,,,,,
Aru,2026-07-05,,3,1,,,,,,,,,,,,,,,,,,,,,,,,,,,,
Aru,2026-07-06,,3,1,,,,,,,,,,,,,,,,,,,,,,,,,,,,
Aru,2026-07-07,,3,1,,,,,,,,,,,,,,,,,,,,,,,,,,,,
Aru,2026-07-08,,3,1,,,,,,,,,,,,,,,,,,,,,,,,,,,,
Aru,2026-07-09,,3,1,,,,,,,,,,,,,,,,,,,,,,,,,,,,
Aru,2026-07-10,,3,1,,,,,,,,,,,,,,,,,,,,,,,,,,,,
Aru,2026-07-11,,3,1,,,,,,,,,,,,,,,,,,,,,,,,,,,,
Aungba,2026-05-28,,1,0,,,,,,,,,,,,,,,,,,,,,,,,,,,,
Aungba,2026-05-29,,1,0,,,,,,,,,,,,,,,0,,,,,,ND,ND,,,,,,
Aungba,2026-05-30,,1,0,,,,,,,,,,,,,,,,,,,,,,,,,,,,
Aungba,2026-06-01,,1,0,,,,,,,,,,,,,,,0,,,,,,,,,,,,,
Aungba,2026-06-02,,1,0,,,,,,,,,,,,,,,,,,,,,,,,,,,,
Aungba,2026-06-03,,1,0,,,,,,,,,,,,,,,,,,,,,,,,,,,,
Aungba,2026-06-04,,1,0,,,,,,,,,,,,,,,,,,,,,,,,,,,,
Aungba,2026-06-05,,1,0,,,,,,,,,,,,,,,,,,,,,,,,,,,,
Aungba,2026-06-06,,1,0,,,,,,,,,,,,,,,,,,,,,,,,,,,,
Aungba,2026-06-07,,1,0,,,,,,,,,,,,,,,,,,,,,,,,,,,,
Aungba,2026-06-08,,2,1,,,,,,,,,,,,,,,,,,,,,,,,,,,,
Aungba,2026-06-09,,2,1,,,,,,,,,,,,,,,,,,,,,,,,,,,,
Aungba,2026-06-10,,2,1,,,,,,,,,,,,,,,,,,,,,,,,,,,,
Aungba,2026-06-11,,2,1,,,,,,,,,,,,,,,,,,,,,,,,,,,,
Aungba,2026-06-13,,2,1,,,,,,,,,,,,,,,,,,,,,,,,,,,,
Aungba,2026-06-14,,2,1,,,,,,,,,,,,,,,,,,,,,,,,,,,,
Aungba,2026-06-15,,2,1,,,,,,,,,,,,,,,,,,,,,,,,,,,,
Aungba,2026-06-16,,2,,,,,,,,,,,,,,,,,,,,,,,,,,,,,
Aungba,2026-06-17,,4,1,,,,,,,,,,,,,,,,,,,,,,,,,,,,
Aungba,2026-06-18,,6,2,,,,,,,,,,,,,,,,,,,,,,,,,,,,
Aungba,2026-06-19,,6,2,,,,,,,,,,,,,,,,,,,,,,,,,,,,
Aungba,2026-06-20,,6,2,,,,,,,,,,,,,,,,,,,,,,,,,,,,
Aungba,2026-06-21,,6,2,,,,,,,,,,,,,,,,,,,,,,,,,,,,
Aungba,2026-06-22,,6,2,,,,,,,,,,,,,,,,,,,,,,,,,,,,
Aungba,2026-06-23,,6,2,,,,,,,,,,,,,,,,,,,,,,,,,,,,
Aungba,2026-06-24,,6,2,,,,,,,,,,,,,,,,,,,,,,,,,,,,
Aungba,2026-06-25,,6,2,,,,,,,,,,,,,,,,,,,,,,,,,,,,
Aungba,2026-06-29,,6,2,,,,,,,,,,,,,,,,,,,,,,,,,,,,
Aungba,2026-06-30,,6,2,,,,,,,,,,,,,,,,,,,,,,,,,,,,
Aungba,2026-07-01,,6,2,,,,,,,,,,,,,,,,,,,,,,,,,,,,
Aungba,2026-07-02,,6,2,,,,,,,,,,,,,,,,,,,,,,,,,,,,
Aungba,2026-07-03,,6,2,,,,,,,,,,,,,,,,,,,,,,,,,,,,
Aungba,2026-07-04,,6,2,,,,,,,,,,,,,,,,,,,,,,,,,,,,
Aungba,2026-07-05,,6,2,,,,,,,,,,,,,,,,,,,,,,,,,,,,
Aungba,2026-07-06,,6,2,,,,,,,,,,,,,,,,,,,,,,,,,,,,
Aungba,2026-07-07,,6,2,,,,,,,,,,,,,,,,,,,,,,,,,,,,
Aungba,2026-07-08,,6,2,,,,,,,,,,,,,,,,,,,,,,,,,,,,
Aungba,2026-07-09,,6,2,,,,,,,,,,,,,,,,,,,,,,,,,,,,
Aungba,2026-07-10,,6,2,,,,,,,,,,,,,,,,,,,,,,,,,,,,
Aungba,2026-07-11,,6,2,,,,,,,,,,,,,,,,,,,,,,,,,,,,
Bambu,2026-05-20,ND,1,ND,ND,128,2,ND,,,,,,,,,,,1,ND,128,,,,2,ND,,,,,,
Bambu,2026-05-21,,1,0,,,2,0,,,,,,,,,,,0,,,,,,0,0,,,,,,
Bambu,2026-05-22,,1,0,,,4,0,,,,,,,,,,,0,0,,,,,2,0,,,,,,
Bambu,2026-05-23,,0,0,,183,6,2,,,,,,,,,,,0,ND,55,,,,2,2,,,,,,
Bambu,2026-05-24,,2,0,,183,6,2,0,2.0,2,,,,,,,,ND,ND,0,0.0,0.0,0.0,ND,ND,,,,,,
Bambu,2026-05-25,,0,,,183,6,2,,,,,,,,,,,ND,,0,,,,0,0,,,,,,
Bambu,2026-05-26,,0,0,,183,10,2,,,,,,,,,,,0,,0,,,,4,0,,,,,,
Bambu,2026-05-27,,0,0,,244,6,2,0,,,,,,,,,,0,,61,6.0,0.0,3.0,ND,ND,,,,,,
Bambu,2026-05-28,,2,2,,244,14,3,,,,,,,,,,,,,ND,,,,,,,,,,,
Bambu,2026-05-29,,2,2,,345,14,3,11,5.0,12,,,,,,,,0,,323,,0.0,,8,1,,,,,,
Bambu,2026-05-30,,2,2,,345,14,3,0,10.0,5,,,,,,,,,,ND,,1.0,,,,,,,,,
Bambu,2026-06-01,,2,2,,,,,,,,,,,,,,,0,,,,,,,,,,,,,
Bambu,2026-06-02,,2,2,,,,,,,,,,,,,,,,,,,,,,,,,,,,
Bambu,2026-06-03,,2,2,,,,,,,,,,,,,,,,,,,,,,,,,,,,
Bambu,2026-06-04,,5,2,,,,,,,,,,,,,,,,,,,,,,,,,,,,
Bambu,2026-06-05,,5,2,,,,,,,,,,,,,,,,,,,,,,,,,,,,
Bambu,2026-06-06,,5,2,,,,,,,,,,,,,,,,,,,,,,,,,,,,
Bambu,2026-06-07,,5,2,,,,,,,,,,,,,,,,,,,,,,,,,,,,
Bambu,2026-06-08,,5,2,,,,,,,,,,,,,,,,,,,,,,,,,,,,
Bambu,2026-06-09,,5,2,,,,,,,,,,,,,,,,,,,,,,,,,,,,
Bambu,2026-06-10,,7,2,,,,,,,,,,,,,,,,,,,,,,,,,,,,
Bambu,2026-06-11,,7,2,,,,,,,,,,,,,,,,,,,,,,,,,,,,
Bambu,2026-06-13,,7,2,,,,,,,,,,,,,,,,,,,,,,,,,,,,
Bambu,2026-06-14,,7,2,,,,,,,,,,,,,,,,,,,,,,,,,,,,
Bambu,2026-06-15,,7,2,,,,,,,,,,,,,,,,,,,,,,,,,,,,
Bambu,2026-06-16,,7,,,,,,,,,,,,,,,,,,,,,,,,,,,,,
Bambu,2026-06-17,,9,2,,,,,,,,,,,,,,,,,,,,,,,,,,,,
Bambu,2026-06-18,,9,2,,,,,,,,,,,,,,,,,,,,,,,,,,,,
Bambu,2026-06-19,,9,2,,,,,,,,,,,,,,,,,,,,,,,,,,,,
Bambu,2026-06-20,,14,2,,,,,,,,,,,,,,,,,,,,,,,,,,,,
Bambu,2026-06-21,,14,2,,,,,,,,,,,,,,,,,,,,,,,,,,,,
Bambu,2026-06-22,,14,2,,,,,,,,,,,,,,,,,,,,,,,,,,,,
Bambu,2026-06-23,,14,2,,,,,,,,,,,,,,,,,,,,,,,,,,,,
Bambu,2026-06-24,,14,2,,,,,,,,,,,,,,,,,,,,,,,,,,,,
Bambu,2026-06-25,,14,3,,,,,,,,,,,,,,,,,,,,,,,,,,,,
Bambu,2026-06-29,,16,4,,,,,,,,,,,,,,,,,,,,,,,,,,,,
Bambu,2026-06-30,,16,5,,,,,,,,,,,,,,,,,,,,,,,,,,,,
Bambu,2026-07-01,,16,5,,,,,,,,,,,,,,,,,,,,,,,,,,,,
Bambu,2026-07-02,,18,5,,,,,,,,,,,,,,,,,,,,,,,,,,,,
Bambu,2026-07-03,,18,5,,,,,,,,,,,,,,,,,,,,,,,,,,,,
Bambu,2026-07-04,,18,5,,,,,,,,,,,,,,,,,,,,,,,,,,,,
Bambu,2026-07-05,,25,6,,,,,,,,,,,,,,,,,,,,,,,,,,,,
Bambu,2026-07-06,,28,9,,,,,,,,,,,,,,,,,,,,,,,,,,,,
Bambu,2026-07-07,,28,9,,,,,,,,,,,,,,,,,,,,,,,,,,,,
Bambu,2026-07-08,,29,10,,,,,,,,,,,,,,,,,,,,,,,,,,,,
Bambu,2026-07-09,,29,10,,,,,,,,,,,,,,,,,,,,,,,,,,,,
Bambu,2026-07-10,,31,10,,,,,,,,,,,,,,,,,,,,,,,,,,,,
Bambu,2026-07-11,,31,10,,,,,,,,,,,,,,,,,,,,,,,,,,,,
Beni,2026-05-28,,2,0,,,,,,,,,,,,,,,,,,,,,,,,,,,,
Beni,2026-05-29,,2,0,,,,,,,,,,,,,,,ND,,ND,,,,ND,ND,,,,,,
Beni,2026-05-30,,2,0,,,,,,,,,,,,,,,,,,,,,,,,,,,,
Beni,2026-06-01,,5,3,,,,,,,,,,,,,,,3,,,,,,,,,,,,,
Beni,2026-06-02,,5,3,,,,,,,,,,,,,,,,,,,,,,,,,,,,
Beni,2026-06-03,,5,3,,,,,,,,,,,,,,,,,,,,,,,,,,,,
Beni,2026-06-04,,5,3,,,,,,,,,,,,,,,,,,,,,,,,,,,,
Beni,2026-06-05,,5,3,,,,,,,,,,,,,,,,,,,,,,,,,,,,
Beni,2026-06-06,,5,3,,,,,,,,,,,,,,,,,,,,,,,,,,,,
Beni,2026-06-07,,9,7,,,,,,,,,,,,,,,,,,,,,,,,,,,,
Beni,2026-06-08,,9,7,,,,,,,,,,,,,,,,,,,,,,,,,,,,
Beni,2026-06-09,,9,7,,,,,,,,,,,,,,,,,,,,,,,,,,,,
Beni,2026-06-10,,9,7,,,,,,,,,,,,,,,,,,,,,,,,,,,,
Beni,2026-06-11,,9,5,,,,,,,,,,,,,,,,,,,,,,,,,,,,
Beni,2026-06-13,,14,10,,,,,,,,,,,,,,,,,,,,,,,,,,,,
Beni,2026-06-14,,14,10,,,,,,,,,,,,,,,,,,,,,,,,,,,,
Beni,2026-06-15,,14,10,,,,,,,,,,,,,,,,,,,,,,,,,,,,
Beni,2026-06-16,,14,,,,,,,,,,,,,,,,,,,,,,,,,,,,,
Beni,2026-06-17,,15,12,,,,,,,,,,,,,,,,,,,,,,,,,,,,
Beni,2026-06-18,,16,12,,,,,,,,,,,,,,,,,,,,,,,,,,,,
Beni,2026-06-19,,16,12,,,,,,,,,,,,,,,,,,,,,,,,,,,,
Beni,2026-06-20,,17,12,,,,,,,,,,,,,,,,,,,,,,,,,,,,
Beni,2026-06-21,,18,12,,,,,,,,,,,,,,,,,,,,,,,,,,,,
Beni,2026-06-22,,20,12,,,,,,,,,,,,,,,,,,,,,,,,,,,,
Beni,2026-06-23,,20,12,,,,,,,,,,,,,,,,,,,,,,,,,,,,
Beni,2026-06-24,,20,12,,,,,,,,,,,,,,,,,,,,,,,,,,,,
Beni,2026-06-25,,22,13,,,,,,,,,,,,,,,,,,,,,,,,,,,,
Beni,2026-06-29,,22,14,,,,,,,,,,,,,,,,,,,,,,,,,,,,
Beni,2026-06-30,,24,15,,,,,,,,,,,,,,,,,,,,,,,,,,,,
Beni,2026-07-01,,26,15,,,,,,,,,,,,,,,,,,,,,,,,,,,,
Beni,2026-07-02,,28,16,,,,,,,,,,,,,,,,,,,,,,,,,,,,
Beni,2026-07-03,,29,17,,,,,,,,,,,,,,,,,,,,,,,,,,,,
Beni,2026-07-04,,29,17,,,,,,,,,,,,,,,,,,,,,,,,,,,,
Beni,2026-07-05,,29,17,,,,,,,,,,,,,,,,,,,,,,,,,,,,
Beni,2026-07-06,,29,19,,,,,,,,,,,,,,,,,,,,,,,,,,,,
Beni,2026-07-07,,29,19,,,,,,,,,,,,,,,,,,,,,,,,,,,,
Beni,2026-07-08,,29,19,,,,,,,,,,,,,,,,,,,,,,,,,,,,
Beni,2026-07-09,,30,20,,,,,,,,,,,,,,,,,,,,,,,,,,,,
Beni,2026-07-10,,30,20,,,,,,,,,,,,,,,,,,,,,,,,,,,,
Beni,2026-07-11,,30,20,,,,,,,,,,,,,,,,,,,,,,,,,,,,
Boga,2026-07-06,,1,1,,,,,,,,,,,,,,,,,,,,,,,,,,,,
Boga,2026-07-07,,1,1,,,,,,,,,,,,,,,,,,,,,,,,,,,,
Boga,2026-07-08,,1,1,,,,,,,,,,,,,,,,,,,,,,,,,,,,
Boga,2026-07-09,,1,1,,,,,,,,,,,,,,,,,,,,,,,,,,,,
Boga,2026-07-10,,1,1,,,,,,,,,,,,,,,,,,,,,,,,,,,,
Boga,2026-07-11,,1,1,,,,,,,,,,,,,,,,,,,,,,,,,,,,
Bunia,2026-05-15,ND,0,ND,4,ND,8,ND,,,,,,,,,,,0,4,ND,,,,8,ND,,,,,,
Bunia,2026-05-18,ND,6,ND,13,127,61,18,,,,,,,,,,,6,9,127,,,,53,18,,,,,,
Bunia,2026-05-19,3,6,0,43,203,90,23,,,,,,,,,,,0,30,76,,,,29,5,,,,,,
Bunia,2026-05-20,0,11,0,73,203,125,31,1,40.0,ND,,,,,,,,5,30,0,28.0,0.0,12.0,35,8,544,544,0,0,544,544
Bunia,2026-05-21,87,15,1,114,290,166,34,9,50.0,ND,,,,,,,,6,41,87,36.0,1.0,31.0,41,3,1473,1473,0,0,1473,1473
Bunia,2026-05-22,71,23,2,142,290,227,42,ND,44.0,33,,,,,,,,8,28,87,11.0,3.0,8.0,61,8,3256,3360,104,104,3360,3256
Bunia,2026-05-23,71,24,2,164,404,249,48,5,50.0,41,,,,,,,,1,22,43,9.0,3.0,6.0,22,6,3256,3360,104,104,3360,3256
Bunia,2026-05-24,ND,24,2,ND,404,249,48,4,53.0,44,,,,,,,,0,ND,0,9.0,3.0,6.0,ND,0,,,,,,
Bunia,2026-05-25,,24,2,,404,270,55,,,,,,,,,,,0,,0,,,,21,7,,,,,,
Bunia,2026-05-26,,36,2,,404,279,55,,,,,,,,,,,12,,0,,,,0,0,,,,,,
Bunia,2026-05-27,,37,2,,404,249,48,3,,,,,,,,,,1,,0,14.0,0.0,2.0,ND,ND,,,,,,
Bunia,2026-05-28,,80,8,,404,268,57,,,,,,,,,,,,,ND,,,,,,,,,,,
Bunia,2026-05-29,,80,8,,404,268,57,1,17.0,18,,,,,,,,21,,476,,0.0,,19,9,,,,,,
Bunia,2026-05-30,,80,8,,404,268,57,1,23.0,17,,,,,,,,,,ND,,0.0,,,,,,,,,
Bunia,2026-06-01,,80,8,,,,,,,,,,,,,,,6,,,,,,,,,,,,,
Bunia,2026-06-02,,85,8,,,,,,,,,,,,,,,,,,,,,,,,,,,,
Bunia,2026-06-03,,97,9,,,,,,,,,,,,,,,,,,,,,,,,,,,,
Bunia,2026-06-04,,123,11,,,,,,,,,,,,,,,,,,,,,,,,,,,,
Bunia,2026-06-05,,138,14,,,,,,,,,,,,,,,,,,,,,,,,,,,,
Bunia,2026-06-06,,142,14,,,,,,,,,,,,,,,,,,,,,,,,,,,,
Bunia,2026-06-07,,152,15,,,,,,,,,,,,,,,,,,,,,,,,,,,,
Bunia,2026-06-08,,163,15,,,,,,,,,,,,,,,,,,,,,,,,,,,,
Bunia,2026-06-09,,173,15,,,,,,,,,,,,,,,,,,,,,,,,,,,,
Bunia,2026-06-10,,185,17,,,,,,,,,,,,,,,,,,,,,,,,,,,,
Bunia,2026-06-11,,191,17,,,,,,,,,,,,,,,,,,,,,,,,,,,,
Bunia,2026-06-13,,212,20,,,,,,,,,,,,,,,,,,,,,,,,,,,,
Bunia,2026-06-14,,215,20,,,,,,,,,,,,,,,,,,,,,,,,,,,,
Bunia,2026-06-15,,215,20,,,,,,,,,,,,,,,,,,,,,,,,,,,,
Bunia,2026-06-16,,226,,,,,,,,,,,,,,,,,,,,,,,,,,,,,
Bunia,2026-06-17,,247,41,,,,,,,,,,,,,,,,,,,,,,,,,,,,
Bunia,2026-06-18,,253,42,,,,,,,,,,,,,,,,,,,,,,,,,,,,
Bunia,2026-06-19,,259,42,,,,,,,,,,,,,,,,,,,,,,,,,,,,
Bunia,2026-06-20,,275,44,,,,,,,,,,,,,,,,,,,,,,,,,,,,
Bunia,2026-06-21,,285,45,,,,,,,,,,,,,,,,,,,,,,,,,,,,
Bunia,2026-06-22,,296,48,,,,,,,,,,,,,,,,,,,,,,,,,,,,
Bunia,2026-06-23,,304,54,,,,,,,,,,,,,,,,,,,,,,,,,,,,
Bunia,2026-06-24,,314,60,,,,,,,,,,,,,,,,,,,,,,,,,,,,
Bunia,2026-06-25,,323,64,,,,,,,,,,,,,,,,,,,,,,,,,,,,
Bunia,2026-06-29,,358,82,,,,,,,,,,,,,,,,,,,,,,,,,,,,
Bunia,2026-06-30,,387,94,,,,,,,,,,,,,,,,,,,,,,,,,,,,
Bunia,2026-07-01,,416,103,,,,,,,,,,,,,,,,,,,,,,,,,,,,
Bunia,2026-07-02,,426,106,,,,,,,,,,,,,,,,,,,,,,,,,,,,
Bunia,2026-07-03,,431,112,,,,,,,,,,,,,,,,,,,,,,,,,,,,
Bunia,2026-07-04,,438,118,,,,,,,,,,,,,,,,,,,,,,,,,,,,
Bunia,2026-07-05,,452,121,,,,,,,,,,,,,,,,,,,,,,,,,,,,
Bunia,2026-07-06,,472,134,,,,,,,,,,,,,,,,,,,,,,,,,,,,
Bunia,2026-07-07,,483,137,,,,,,,,,,,,,,,,,,,,,,,,,,,,
Bunia,2026-07-08,,487,141,,,,,,,,,,,,,,,,,,,,,,,,,,,,
Bunia,2026-07-09,,495,149,,,,,,,,,,,,,,,,,,,,,,,,,,,,
Bunia,2026-07-10,,503,156,,,,,,,,,,,,,,,,,,,,,,,,,,,,
Bunia,2026-07-11,,507,160,,,,,,,,,,,,,,,,,,,,,,,,,,,,
Butembo,2026-05-18,,1,ND,,,1,ND,,,,,,,,,,,1,,,,,,1,ND,,,,,,
Butembo,2026-05-19,,1,ND,,,1,ND,,,,,,,,,,,0,,,,,,0,ND,,,,,,
Butembo,2026-05-20,,1,ND,,,7,0,,,,,,,,,,,0,,,,,,6,0,,,,,,
Butembo,2026-05-21,,2,0,,,7,0,,,,,,,,,,,1,,,,,,0,0,,,,,,
Butembo,2026-05-22,,2,0,,,7,0,,,,,,,,,,,0,,,,,,0,0,,,,,,
Butembo,2026-05-23,,1,0,,,7,0,,,,,,,,,,,ND,,,,,,ND,0,,,,,,
Butembo,2026-05-24,,3,0,,22,7,0,,,,,,,,,,,2,,22,,,,ND,0,,,,,,
Butembo,2026-05-25,,3,,,22,7,0,,,,,,,,,,,0,,0,,,,0,0,,,,,,
Butembo,2026-05-26,,3,0,,22,10,0,,,,,,,,,,,0,,0,,,,3,0,,,,,,
Butembo,2026-05-27,,5,0,,28,7,0,,,,,,,,,,,2,,6,,,,ND,ND,,,,,,
Butembo,2026-05-28,,5,2,,28,7,0,,,,,,,,,,,,,ND,,,,,,,,,,,
Butembo,2026-05-29,,5,2,,48,7,0,,,,,,,,,,,ND,,24,,,,ND,ND,,,,,,
Butembo,2026-05-30,,5,2,,48,7,0,,,,,,,,,,,,,ND,,,,,,,,,,,
Butembo,2026-06-01,,2,2,,,,,,,,,,,,,,,0,,,,,,,,,,,,,
Butembo,2026-06-02,,2,2,,,,,,,,,,,,,,,,,,,,,,,,,,,,
Butembo,2026-06-03,,2,2,,,,,,,,,,,,,,,,,,,,,,,,,,,,
Butembo,2026-06-04,,4,2,,,,,,,,,,,,,,,,,,,,,,,,,,,,
Butembo,2026-06-05,,4,2,,,,,,,,,,,,,,,,,,,,,,,,,,,,
Butembo,2026-06-06,,4,2,,,,,,,,,,,,,,,,,,,,,,,,,,,,
Butembo,2026-06-07,,4,2,,,,,,,,,,,,,,,,,,,,,,,,,,,,
Butembo,2026-06-08,,6,4,,,,,,,,,,,,,,,,,,,,,,,,,,,,
Butembo,2026-06-09,,6,4,,,,,,,,,,,,,,,,,,,,,,,,,,,,
Butembo,2026-06-10,,9,5,,,,,,,,,,,,,,,,,,,,,,,,,,,,
Butembo,2026-06-11,,7,5,,,,,,,,,,,,,,,,,,,,,,,,,,,,
Butembo,2026-06-13,,18,7,,,,,,,,,,,,,,,,,,,,,,,,,,,,
Butembo,2026-06-14,,19,7,,,,,,,,,,,,,,,,,,,,,,,,,,,,
Butembo,2026-06-15,,19,7,,,,,,,,,,,,,,,,,,,,,,,,,,,,
Butembo,2026-06-16,,24,,,,,,,,,,,,,,,,,,,,,,,,,,,,,
Butembo,2026-06-17,,25,11,,,,,,,,,,,,,,,,,,,,,,,,,,,,
Butembo,2026-06-18,,25,11,,,,,,,,,,,,,,,,,,,,,,,,,,,,
Butembo,2026-06-19,,25,11,,,,,,,,,,,,,,,,,,,,,,,,,,,,
Butembo,2026-06-20,,27,13,,,,,,,,,,,,,,,,,,,,,,,,,,,,
Butembo,2026-06-21,,28,13,,,,,,,,,,,,,,,,,,,,,,,,,,,,
Butembo,2026-06-22,,28,13,,,,,,,,,,,,,,,,,,,,,,,,,,,,
Butembo,2026-06-23,,29,13,,,,,,,,,,,,,,,,,,,,,,,,,,,,
Butembo,2026-06-24,,31,13,,,,,,,,,,,,,,,,,,,,,,,,,,,,
Butembo,2026-06-25,,33,14,,,,,,,,,,,,,,,,,,,,,,,,,,,,
Butembo,2026-06-29,,34,14,,,,,,,,,,,,,,,,,,,,,,,,,,,,
Butembo,2026-06-30,,34,15,,,,,,,,,,,,,,,,,,,,,,,,,,,,
Butembo,2026-07-01,,34,15,,,,,,,,,,,,,,,,,,,,,,,,,,,,
Butembo,2026-07-02,,38,16,,,,,,,,,,,,,,,,,,,,,,,,,,,,
Butembo,2026-07-03,,40,18,,,,,,,,,,,,,,,,,,,,,,,,,,,,
Butembo,2026-07-04,,40,18,,,,,,,,,,,,,,,,,,,,,,,,,,,,
Butembo,2026-07-05,,40,18,,,,,,,,,,,,,,,,,,,,,,,,,,,,
Butembo,2026-07-06,,41,20,,,,,,,,,,,,,,,,,,,,,,,,,,,,
Butembo,2026-07-07,,42,20,,,,,,,,,,,,,,,,,,,,,,,,,,,,
Butembo,2026-07-08,,42,20,,,,,,,,,,,,,,,,,,,,,,,,,,,,
Butembo,2026-07-09,,43,20,,,,,,,,,,,,,,,,,,,,,,,,,,,,
Butembo,2026-07-10,,43,20,,,,,,,,,,,,,,,,,,,,,,,,,,,,
Butembo,2026-07-11,,44,21,,,,,,,,,,,,,,,,,,,,,,,,,,,,
DRC,2026-05-14,,,,,,,,,,,8.0,4.0,,246.0,ND,,,,,,,,,,,,,,,,
DRC,2026-05-17,,,,,,,,,,,13.0,4.0,,246.0,ND,,,,,,,,,,,,,,,,
DRC,2026-05-18,,,,,,,,,,,33.0,4.0,,516.0,131,,,,,,,,,,,,,,,,
DRC,2026-05-19,,,,,,,,,,,51.0,4.0,,575.0,148,,,,,,,,,,,,,,,,
DRC,2026-05-20,,,,,,,,,,,64.0,6.0,,671.0,160,,,,,,,,,,,,,,,,
DRC,2026-05-21,,,,,,,,,,,83.0,9.0,,746.0,176,,,,,,,,,,,,,,,,
DRC,2026-05-22,,,,,,,,,,,91.0,10.0,,867.0,ND,,,,,,,,,,,,,,,,
DRC,2026-05-23,,,,,,,,,,,101.0,10.0,,904.0,220,,,,,,,,,,,,,,,,
DRC,2026-05-24,,,,,,,,,,,105.0,10.0,,906.0,223,,,,,,,,,,,,,,,,
DRC,2026-05-25,,,,,,,,,,,106.0,12.0,,998.0,238,,,,,,,,,,,,,,,,
DRC,2026-05-26,,,,,,,,,,,121.0,17.0,,1077.0,246,,,,,,,,,,,,,,,,
DRC,2026-05-27,,,,,,,,,,,125.0,17.0,1.0,906.0,223,,,,,,,,,,,,,,,,
DRC,2026-05-28,,,,,,,,,,,210.0,17.0,1.0,349.0,236,,,,,,,,,,,,,,,,
DRC,2026-05-29,,,,,,,,,,,263.0,42.0,2.0,349.0,236,,,,,,,,,,,,,,,,
DRC,2026-05-30,,,,,,,,,,,282.0,42.0,2.0,321.0,236,101.0,220,,,,,,,,,,,,,,
DRC,2026-05-31,,,,,,,,,,,321.0,48.0,6.0,220.0,,104.0,116,,,,,,,,,,,,,,
DRC,2026-06-01,,,,,,,,,,,344.0,60.0,6.0,289.0,242,173.0,116,,,,,,,,,,,,,,
DRC,2026-06-02,,,,,,,,,,,363.0,62.0,6.0,206.0,,206.0,ND,,,,,,,,,,,,,,
DRC,2026-06-03,,,,,,,,,,,381.0,64.0,7.0,,,233.0,,,,,,,,,,,,,,,
DRC,2026-06-04,,,,,,,,,,,452.0,82.0,8.0,153.0,,258.0,,,,,,,,,,,,,,,
DRC,2026-06-05,,,,,,,,,,,488.0,86.0,9.0,119.0,,267.0,,,,,,,,,,,,,,,
DRC,2026-06-06,,,,,,,,,,,515.0,91.0,12.0,117.0,,283.0,,,,,,,,,,,,,,,
DRC,2026-06-07,,,,,,,,,,,550.0,101.0,19.0,94.0,,309.0,,,,,,,,,,,,,,,
DRC,2026-06-08,,,,,,,,,,,598.0,115.0,22.0,138.0,,297.0,,,,,,,,,,,,,,,
DRC,2026-06-09,,,,,,,,,,,635.0,127.0,30.0,119.0,,260.0,,,,,,,,,,,,,,,
DRC,2026-06-10,,,,,,,,,,,676.0,136.0,32.0,119.0,,262.0,,,,,,,,,,,,,,,
DRC,2026-06-11,,,,,,,,,,,689.0,139.0,32.0,168.0,64,315.0,,,,,,,,,,,,,,,
DRC,2026-06-13,,,,,,,,,,,782.0,181.0,40.0,136.0,49,359.0,,,,,,,,,,,,,,,
DRC,2026-06-14,,,,,,,,,,,808.0,192.0,48.0,165.0,54,363.0,,,,,,,,,,,,,,,
DRC,2026-06-15,,,,,,,,,,,837.0,196.0,49.0,235.0,,376.0,,,,,,,,,,,,,,,
DRC,2026-06-16,,,,,,,,,,,875.0,202.0,67.0,192.0,,379.0,,,,,,,,,,,,,,,
DRC,2026-06-17,,,,,,,,,,,896.0,232.0,78.0,151.0,35,383.0,,,,,,,,,,,,,,,
DRC,2026-06-18,,,,,,,,,,,933.0,245.0,80.0,238.0,54,416.0,,,,,,,,,,,,,,,
DRC,2026-06-19,,,,,,,,,,,956.0,247.0,92.0,162.0,47,361.0,,,,,,,,,,,,,,,
DRC,2026-06-20,,,,,,,,,,,1003.0,254.0,100.0,201.0,30,365.0,,,,,,,,,,,,,,,
DRC,2026-06-21,,,,,,,,,,,1048.0,267.0,112.0,202.0,60,371.0,,,,,,,,,,,,,,,
DRC,2026-06-22,,,,,,,,,,,1094.0,277.0,115.0,131.0,44,387.0,,,,,,,,,,,,,,,
DRC,2026-06-23,,,,,,,,,,,1118.0,291.0,122.0,138.0,45,408.0,,,,,,,,,,,,,,,
DRC,2026-06-24,,,,,,,,,,,1155.0,304.0,138.0,154.0,40,385.0,,,,,,,,,,,,,,,
DRC,2026-06-25,,,,,,,,,,,1203.0,321.0,148.0,265.0,77,419.0,,,,,,,,,,,,,,,
DRC,2026-06-27,,,,,,,,,,,1274.0,360.0,178.0,239.0,70,502.0,,,,,,,,,,,,,,,
DRC,2026-06-29,,,,,,,,,,,1333.0,399.0,189.0,309.0,90,609.0,,,,,,,,,,,,,,,
DRC,2026-06-30,,,,,,,,,,,1406.0,438.0,208.0,301.0,90,609.0,,,,,,,,,,,,,,,
DRC,2026-07-01,,,,,,,,,,,1460.0,452.0,213.0,150.0,41,641.0,,,,,,,,,,,,,,,
DRC,2026-07-02,,,,,,,,,,,1502.0,473.0,229.0,213.0,63,628.0,,,,,,,,,,,,,,,
DRC,2026-07-03,,,,,,,,,,,1528.0,492.0,239.0,185.0,67,628.0,,,,,,,,,,,,,,,
DRC,2026-07-04,,,,,,,,,,,1561.0,506.0,254.0,354.0,110,628.0,,,,,,,,,,,,,,,
DRC,2026-07-05,,,,,,,,,,,1624.0,521.0,273.0,135.0,23,646.0,,,,,,,,,,,,,,,
DRC,2026-07-06,,,,,,,,,,,1708.0,580.0,280.0,237.0,70,680.0,,,,,,,,,,,,,,,
DRC,2026-07-07,,,,,,,,,,,1759.0,600.0,285.0,304.0,92,750.0,,,,,,,,,,,,,,,
DRC,2026-07-08,,,,,,,,,,,1792.0,625.0,295.0,227.0,60,764.0,,,,,,,,,,,,,,,
DRC,2026-07-09,,,,,,,,,,,1830.0,648.0,300.0,284.0,81,780.0,,,,,,,,,,,,,,,
DRC,2026-07-10,,,,,,,,,,,1873.0,672.0,306.0,299.0,91,763.0,,,,,,,,,,,,,,,
DRC,2026-07-11,,,,,,,,,,,1926.0,702.0,318.0,299.0,91,753.0,,,,,,,,,,,,,,,
Damas,2026-05-26,,0,,,,4,2,,,,,,,,,,,0,,,,,,4,2,,,,,,
Damas,2026-05-27,,0,,,,ND,ND,,,,,,,,,,,ND,,,,,,ND,ND,,,,,,
Damas,2026-05-28,,1,0,,,1,0,,,,,,,,,,,,,,,,,,,,,,,,
Damas,2026-05-29,,1,0,,,1,0,,,,,,,,,,,0,,,,,,1,0,,,,,,
Damas,2026-05-30,,1,0,,,1,0,,,,,,,,,,,,,,,,,,,,,,,,
Damas,2026-06-01,,1,0,,,,,,,,,,,,,,,0,,,,,,,,,,,,,
Damas,2026-06-02,,2,0,,,,,,,,,,,,,,,,,,,,,,,,,,,,
Damas,2026-06-03,,3,0,,,,,,,,,,,,,,,,,,,,,,,,,,,,
Damas,2026-06-04,,3,0,,,,,,,,,,,,,,,,,,,,,,,,,,,,
Damas,2026-06-05,,3,0,,,,,,,,,,,,,,,,,,,,,,,,,,,,
Damas,2026-06-06,,3,0,,,,,,,,,,,,,,,,,,,,,,,,,,,,
Damas,2026-06-07,,3,0,,,,,,,,,,,,,,,,,,,,,,,,,,,,
Damas,2026-06-08,,3,0,,,,,,,,,,,,,,,,,,,,,,,,,,,,
Damas,2026-06-09,,3,0,,,,,,,,,,,,,,,,,,,,,,,,,,,,
Damas,2026-06-10,,3,0,,,,,,,,,,,,,,,,,,,,,,,,,,,,
Damas,2026-06-11,,3,0,,,,,,,,,,,,,,,,,,,,,,,,,,,,
Damas,2026-06-13,,4,0,,,,,,,,,,,,,,,,,,,,,,,,,,,,
Damas,2026-06-14,,4,0,,,,,,,,,,,,,,,,,,,,,,,,,,,,
Damas,2026-06-15,,4,0,,,,,,,,,,,,,,,,,,,,,,,,,,,,
Damas,2026-06-16,,4,,,,,,,,,,,,,,,,,,,,,,,,,,,,,
Damas,2026-06-17,,4,0,,,,,,,,,,,,,,,,,,,,,,,,,,,,
Damas,2026-06-18,,4,0,,,,,,,,,,,,,,,,,,,,,,,,,,,,
Damas,2026-06-19,,4,0,,,,,,,,,,,,,,,,,,,,,,,,,,,,
Damas,2026-06-20,,4,0,,,,,,,,,,,,,,,,,,,,,,,,,,,,
Damas,2026-06-21,,4,0,,,,,,,,,,,,,,,,,,,,,,,,,,,,
Damas,2026-06-22,,4,0,,,,,,,,,,,,,,,,,,,,,,,,,,,,
Damas,2026-06-23,,4,0,,,,,,,,,,,,,,,,,,,,,,,,,,,,
Damas,2026-06-24,,4,0,,,,,,,,,,,,,,,,,,,,,,,,,,,,
Damas,2026-06-25,,4,0,,,,,,,,,,,,,,,,,,,,,,,,,,,,
Damas,2026-06-29,,5,0,,,,,,,,,,,,,,,,,,,,,,,,,,,,
Damas,2026-06-30,,5,0,,,,,,,,,,,,,,,,,,,,,,,,,,,,
Damas,2026-07-01,,5,0,,,,,,,,,,,,,,,,,,,,,,,,,,,,
Damas,2026-07-02,,5,0,,,,,,,,,,,,,,,,,,,,,,,,,,,,
Damas,2026-07-03,,5,0,,,,,,,,,,,,,,,,,,,,,,,,,,,,
Damas,2026-07-04,,5,0,,,,,,,,,,,,,,,,,,,,,,,,,,,,
Damas,2026-07-05,,5,0,,,,,,,,,,,,,,,,,,,,,,,,,,,,
Damas,2026-07-06,,5,0,,,,,,,,,,,,,,,,,,,,,,,,,,,,
Damas,2026-07-07,,5,0,,,,,,,,,,,,,,,,,,,,,,,,,,,,
Damas,2026-07-08,,5,0,,,,,,,,,,,,,,,,,,,,,,,,,,,,
Damas,2026-07-09,,5,0,,,,,,,,,,,,,,,,,,,,,,,,,,,,
Damas,2026-07-10,,5,0,,,,,,,,,,,,,,,,,,,,,,,,,,,,
Damas,2026-07-11,,5,0,,,,,,,,,,,,,,,,,,,,,,,,,,,,
Drodro,2026-06-17,,1,1,,,,,,,,,,,,,,,,,,,,,,,,,,,,
Drodro,2026-06-18,,1,1,,,,,,,,,,,,,,,,,,,,,,,,,,,,
Drodro,2026-06-19,,1,1,,,,,,,,,,,,,,,,,,,,,,,,,,,,
Drodro,2026-06-20,,1,1,,,,,,,,,,,,,,,,,,,,,,,,,,,,
Drodro,2026-06-21,,1,1,,,,,,,,,,,,,,,,,,,,,,,,,,,,
Drodro,2026-06-22,,1,1,,,,,,,,,,,,,,,,,,,,,,,,,,,,
Drodro,2026-06-23,,1,1,,,,,,,,,,,,,,,,,,,,,,,,,,,,
Drodro,2026-06-24,,1,1],,,,,,,,,,,,,,,,,,,,,,,,,,,,
Drodro,2026-06-25,,1,1,,,,,,,,,,,,,,,,,,,,,,,,,,,,
Drodro,2026-06-29,,3,3,,,,,,,,,,,,,,,,,,,,,,,,,,,,
Drodro,2026-06-30,,3,3,,,,,,,,,,,,,,,,,,,,,,,,,,,,
Drodro,2026-07-01,,3,3,,,,,,,,,,,,,,,,,,,,,,,,,,,,
Drodro,2026-07-02,,3,3,,,,,,,,,,,,,,,,,,,,,,,,,,,,
Drodro,2026-07-03,,3,3,,,,,,,,,,,,,,,,,,,,,,,,,,,,
Drodro,2026-07-04,,3,3,,,,,,,,,,,,,,,,,,,,,,,,,,,,
Drodro,2026-07-05,,3,3,,,,,,,,,,,,,,,,,,,,,,,,,,,,
Drodro,2026-07-06,,3,3,,,,,,,,,,,,,,,,,,,,,,,,,,,,
Drodro,2026-07-07,,3,3,,,,,,,,,,,,,,,,,,,,,,,,,,,,
Drodro,2026-07-08,,3,3,,,,,,,,,,,,,,,,,,,,,,,,,,,,
Drodro,2026-07-09,,3,3,,,,,,,,,,,,,,,,,,,,,,,,,,,,
Drodro,2026-07-10,,4,3,,,,,,,,,,,,,,,,,,,,,,,,,,,,
Drodro,2026-07-11,,4,3,,,,,,,,,,,,,,,,,,,,,,,,,,,,
Fataki,2026-05-26,,0,,,,1,1,,,,,,,,,,,0,,,,,,1,0,,,,,,
Fataki,2026-05-27,,0,,,,ND,ND,,,,,,,,,,,ND,,,,,,ND,ND,,,,,,
Fataki,2026-05-28,,,,,,ND,ND,,,,,,,,,,,,,,,,,,,,,,,,
Fataki,2026-05-29,,,,,,ND,ND,,,,,,,,,,,,,,,,,,,,,,,,
Fataki,2026-05-30,,,,,,ND,ND,,,,,,,,,,,,,,,,,,,,,,,,
Fataki,2026-06-16,,1,,,,,,,,,,,,,,,,,,,,,,,,,,,,,
Fataki,2026-06-17,,1,0,,,,,,,,,,,,,,,,,,,,,,,,,,,,
Fataki,2026-06-18,,1,0,,,,,,,,,,,,,,,,,,,,,,,,,,,,
Fataki,2026-06-19,,1,0,,,,,,,,,,,,,,,,,,,,,,,,,,,,
Fataki,2026-06-20,,1,0,,,,,,,,,,,,,,,,,,,,,,,,,,,,
Fataki,2026-06-21,,1,0,,,,,,,,,,,,,,,,,,,,,,,,,,,,
Fataki,2026-06-22,,1,0,,,,,,,,,,,,,,,,,,,,,,,,,,,,
Fataki,2026-06-23,,1,0,,,,,,,,,,,,,,,,,,,,,,,,,,,,
Fataki,2026-06-24,,1,0,,,,,,,,,,,,,,,,,,,,,,,,,,,,
Fataki,2026-06-25,,1,0,,,,,,,,,,,,,,,,,,,,,,,,,,,,
Fataki,2026-06-29,,1,0,,,,,,,,,,,,,,,,,,,,,,,,,,,,
Fataki,2026-06-30,,1,0,,,,,,,,,,,,,,,,,,,,,,,,,,,,
Fataki,2026-07-01,,1,0,,,,,,,,,,,,,,,,,,,,,,,,,,,,
Fataki,2026-07-02,,1,0,,,,,,,,,,,,,,,,,,,,,,,,,,,,
Fataki,2026-07-03,,1,0,,,,,,,,,,,,,,,,,,,,,,,,,,,,
Fataki,2026-07-04,,1,0,,,,,,,,,,,,,,,,,,,,,,,,,,,,
Fataki,2026-07-05,,2,0,,,,,,,,,,,,,,,,,,,,,,,,,,,,
Fataki,2026-07-06,,3,1,,,,,,,,,,,,,,,,,,,,,,,,,,,,
Fataki,2026-07-07,,4,1,,,,,,,,,,,,,,,,,,,,,,,,,,,,
Fataki,2026-07-08,,4,1,,,,,,,,,,,,,,,,,,,,,,,,,,,,
Fataki,2026-07-09,,4,1,,,,,,,,,,,,,,,,,,,,,,,,,,,,
Fataki,2026-07-10,,4,1,,,,,,,,,,,,,,,,,,,,,,,,,,,,
Fataki,2026-07-11,,4,1,,,,,,,,,,,,,,,,,,,,,,,,,,,,
Gety,2026-05-28,,1,0,,,3,,,,,,,,,,,,,,,,,,,,,,,,,
Gety,2026-05-29,,1,0,,,3,,,,,,,,,,,,ND,,,,,,3,0,,,,,,
Gety,2026-05-30,,1,0,,,3,,,,,,,,,,,,,,,,,,,,,,,,,
Gety,2026-06-01,,1,0,,,,,,,,,,,,,,,0,,,,,,,,,,,,,
Gety,2026-06-02,,1,0,,,,,,,,,,,,,,,,,,,,,,,,,,,,
Gety,2026-06-03,,1,0,,,,,,,,,,,,,,,,,,,,,,,,,,,,
Gety,2026-06-04,,1,0,,,,,,,,,,,,,,,,,,,,,,,,,,,,
Gety,2026-06-05,,1,0,,,,,,,,,,,,,,,,,,,,,,,,,,,,
Gety,2026-06-06,,1,0,,,,,,,,,,,,,,,,,,,,,,,,,,,,
Gety,2026-06-07,,1,0,,,,,,,,,,,,,,,,,,,,,,,,,,,,
Gety,2026-06-08,,1,0,,,,,,,,,,,,,,,,,,,,,,,,,,,,
Gety,2026-06-09,,1,0,,,,,,,,,,,,,,,,,,,,,,,,,,,,
Gety,2026-06-10,,1,0,,,,,,,,,,,,,,,,,,,,,,,,,,,,
Gety,2026-06-11,,1,0,,,,,,,,,,,,,,,,,,,,,,,,,,,,
Gety,2026-06-13,,1,0,,,,,,,,,,,,,,,,,,,,,,,,,,,,
Gety,2026-06-14,,1,0,,,,,,,,,,,,,,,,,,,,,,,,,,,,
Gety,2026-06-15,,1,0,,,,,,,,,,,,,,,,,,,,,,,,,,,,
Gety,2026-06-16,,1,,,,,,,,,,,,,,,,,,,,,,,,,,,,,
Gety,2026-06-17,,1,0,,,,,,,,,,,,,,,,,,,,,,,,,,,,
Gety,2026-06-18,,1,0,,,,,,,,,,,,,,,,,,,,,,,,,,,,
Gety,2026-06-19,,1,0,,,,,,,,,,,,,,,,,,,,,,,,,,,,
Gety,2026-06-20,,1,0,,,,,,,,,,,,,,,,,,,,,,,,,,,,
Gety,2026-06-21,,1,0,,,,,,,,,,,,,,,,,,,,,,,,,,,,
Gety,2026-06-22,,1,0,,,,,,,,,,,,,,,,,,,,,,,,,,,,
Gety,2026-06-23,,1,0,,,,,,,,,,,,,,,,,,,,,,,,,,,,
Gety,2026-06-24,,1,0,,,,,,,,,,,,,,,,,,,,,,,,,,,,
Gety,2026-06-25,,1,0,,,,,,,,,,,,,,,,,,,,,,,,,,,,
Gety,2026-06-29,,1,0,,,,,,,,,,,,,,,,,,,,,,,,,,,,
Gety,2026-06-30,,1,0,,,,,,,,,,,,,,,,,,,,,,,,,,,,
Gety,2026-07-01,,1,0,,,,,,,,,,,,,,,,,,,,,,,,,,,,
Gety,2026-07-02,,1,0,,,,,,,,,,,,,,,,,,,,,,,,,,,,
Gety,2026-07-03,,1,0,,,,,,,,,,,,,,,,,,,,,,,,,,,,
Gety,2026-07-04,,1,0,,,,,,,,,,,,,,,,,,,,,,,,,,,,
Gety,2026-07-05,,1,0,,,,,,,,,,,,,,,,,,,,,,,,,,,,
Gety,2026-07-06,,1,0,,,,,,,,,,,,,,,,,,,,,,,,,,,,
Gety,2026-07-07,,1,0,,,,,,,,,,,,,,,,,,,,,,,,,,,,
Gety,2026-07-08,,1,0,,,,,,,,,,,,,,,,,,,,,,,,,,,,
Gety,2026-07-09,,1,0,,,,,,,,,,,,,,,,,,,,,,,,,,,,
Gety,2026-07-10,,1,0,,,,,,,,,,,,,,,,,,,,,,,,,,,,
Gety,2026-07-11,,1,0,,,,,,,,,,,,,,,,,,,,,,,,,,,,
Goma,2026-05-18,,1,ND,,,1,ND,,,,,,,,,,,1,,,,,,1,ND,,,,,,
Goma,2026-05-19,,1,ND,,,1,ND,,,,,,,,,,,0,,,,,,0,ND,,,,,,
Goma,2026-05-20,,1,ND,,,1,0,,,,,,,,,,,0,,,,,,ND,0,,,,,,
Goma,2026-05-21,,1,0,,,1,0,,,,,,,,,,,0,,,,,,0,0,,,,,,
Goma,2026-05-22,,1,0,,,1,0,,,,,,,,,,,0,,,,,,0,0,,,,,,
Goma,2026-05-23,,1,0,,,1,0,,,,,,,,,,,ND,,,,,,ND,0,,,,,,
Goma,2026-05-24,,1,0,,28,0,0,,,,,,,,,,,0,,28,,,,ND,3,,,,,,
Goma,2026-05-25,,1,0,,28,0,0,,,,,,,,,,,0,,0,,,,0,0,,,,,,
Goma,2026-05-26,,1,0,,28,0,0,,,,,,,,,,,0,,0,,,,0,0,,,,,,
Goma,2026-05-27,,1,0,,74,0,0,,,,,,,,,,,0,,46,,,,ND,ND,,,,,,
Goma,2026-05-28,,1,0,,74,0,0,,,,,,,,,,,,,ND,,,,,,,,,,,
Goma,2026-05-29,,1,0,,140,0,0,,,,,,,,,,,ND,,66,,,,ND,ND,,,,,,
Goma,2026-05-30,,1,0,,140,0,0,,,,,,,,,,,,,ND,,,,,,,,,,,
Goma,2026-06-01,,1,0,,,,,,,,,,,,,,,0,,,,,,,,,,,,,
Goma,2026-06-02,,1,0,,,,,,,,,,,,,,,,,,,,,,,,,,,,
Goma,2026-06-03,,1,0,,,,,,,,,,,,,,,,,,,,,,,,,,,,
Goma,2026-06-04,,1,0,,,,,,,,,,,,,,,,,,,,,,,,,,,,
Goma,2026-06-05,,1,0,,,,,,,,,,,,,,,,,,,,,,,,,,,,
Goma,2026-06-06,,1,0,,,,,,,,,,,,,,,,,,,,,,,,,,,,
Goma,2026-06-07,,1,0,,,,,,,,,,,,,,,,,,,,,,,,,,,,
Goma,2026-06-08,,1,0,,,,,,,,,,,,,,,,,,,,,,,,,,,,
Goma,2026-06-09,,1,0,,,,,,,,,,,,,,,,,,,,,,,,,,,,
Goma,2026-06-10,,1,0,,,,,,,,,,,,,,,,,,,,,,,,,,,,
Goma,2026-06-11,,1,1,,,,,,,,,,,,,,,,,,,,,,,,,,,,
Goma,2026-06-13,,1,0,,,,,,,,,,,,,,,,,,,,,,,,,,,,
Goma,2026-06-14,,1,0,,,,,,,,,,,,,,,,,,,,,,,,,,,,
Goma,2026-06-15,,1,0,,,,,,,,,,,,,,,,,,,,,,,,,,,,
Goma,2026-06-16,,1,,,,,,,,,,,,,,,,,,,,,,,,,,,,,
Goma,2026-06-17,,1,0,,,,,,,,,,,,,,,,,,,,,,,,,,,,
Goma,2026-06-18,,1,0,,,,,,,,,,,,,,,,,,,,,,,,,,,,
Goma,2026-06-19,,1,0,,,,,,,,,,,,,,,,,,,,,,,,,,,,
Goma,2026-06-20,,1,0,,,,,,,,,,,,,,,,,,,,,,,,,,,,
Goma,2026-06-21,,1,0,,,,,,,,,,,,,,,,,,,,,,,,,,,,
Goma,2026-06-22,,1,0,,,,,,,,,,,,,,,,,,,,,,,,,,,,
Goma,2026-06-23,,1,0,,,,,,,,,,,,,,,,,,,,,,,,,,,,
Goma,2026-06-24,,1,0,,,,,,,,,,,,,,,,,,,,,,,,,,,,
Goma,2026-06-25,,1,0,,,,,,,,,,,,,,,,,,,,,,,,,,,,
Goma,2026-06-29,,1,0,,,,,,,,,,,,,,,,,,,,,,,,,,,,
Goma,2026-06-30,,1,0,,,,,,,,,,,,,,,,,,,,,,,,,,,,
Goma,2026-07-01,,1,0,,,,,,,,,,,,,,,,,,,,,,,,,,,,
Goma,2026-07-02,,2,0,,,,,,,,,,,,,,,,,,,,,,,,,,,,
Goma,2026-07-03,,1,0,,,,,,,,,,,,,,,,,,,,,,,,,,,,
Goma,2026-07-04,,1,0,,,,,,,,,,,,,,,,,,,,,,,,,,,,
Goma,2026-07-05,,1,0,,,,,,,,,,,,,,,,,,,,,,,,,,,,
Goma,2026-07-06,,1,0,,,,,,,,,,,,,,,,,,,,,,,,,,,,
Goma,2026-07-07,,1,0,,,,,,,,,,,,,,,,,,,,,,,,,,,,
Goma,2026-07-08,,1,0,,,,,,,,,,,,,,,,,,,,,,,,,,,,
Goma,2026-07-09,,1,0,,,,,,,,,,,,,,,,,,,,,,,,,,,,
Goma,2026-07-10,,1,0,,,,,,,,,,,,,,,,,,,,,,,,,,,,
Goma,2026-07-11,,1,0,,,,,,,,,,,,,,,,,,,,,,,,,,,,
Jiba,2026-05-28,,ND,0,,,2,,,,,,,,,,,,,,,,,,,,,,,,,
Jiba,2026-05-29,,ND,0,,,2,,,,,,,,,,,,ND,,,,,,2,0,,,,,,
Jiba,2026-05-30,,ND,0,,,2,,,,,,,,,,,,,,,,,,,,,,,,,
Jiba,2026-06-01,,ND,ND,,,,,,,,,,,,,,,ND,,,,,,,,,,,,,
Jiba,2026-06-03,,ND,,,,,,,,,,,,,,,,,,,,,,,,,,,,,
Kalunguta,2026-05-24,,1,,,,,,,,,,,,,,,,1,,,,,,ND,0,,,,,,
Kalunguta,2026-05-25,,1,,,,ND,0,,,,,,,,,,,0,,,,,,ND,0,,,,,,
Kalunguta,2026-05-26,,1,,,,2,0,,,,,,,,,,,0,,,,,,2,0,,,,,,
Kalunguta,2026-05-27,,2,,,,13,0,,,,,,,,,,,1,,,,,,ND,ND,,,,,,
Kalunguta,2026-05-28,,1,1,,,13,0,,,,,,,,,,,,,,,,,,,,,,,,
Kalunguta,2026-05-29,,1,1,,,13,0,,,,,,,,,,,ND,,20,,,,ND,ND,,,,,,
Kalunguta,2026-05-30,,1,1,,,13,0,,,,,,,,,,,,,,,,,,,,,,,,
Kalunguta,2026-06-01,,1,1,,,,,,,,,,,,,,,0,,,,,,,,,,,,,
Kalunguta,2026-06-02,,1,1,,,,,,,,,,,,,,,,,,,,,,,,,,,,
Kalunguta,2026-06-03,,1,1,,,,,,,,,,,,,,,,,,,,,,,,,,,,
Kalunguta,2026-06-04,,1,1,,,,,,,,,,,,,,,,,,,,,,,,,,,,
Kalunguta,2026-06-05,,1,1,,,,,,,,,,,,,,,,,,,,,,,,,,,,
Kalunguta,2026-06-06,,1,1,,,,,,,,,,,,,,,,,,,,,,,,,,,,
Kalunguta,2026-06-07,,1,1,,,,,,,,,,,,,,,,,,,,,,,,,,,,
Kalunguta,2026-06-08,,1,1,,,,,,,,,,,,,,,,,,,,,,,,,,,,
Kalunguta,2026-06-09,,1,1,,,,,,,,,,,,,,,,,,,,,,,,,,,,
Kalunguta,2026-06-10,,1,1,,,,,,,,,,,,,,,,,,,,,,,,,,,,
Kalunguta,2026-06-11,,1,1,,,,,,,,,,,,,,,,,,,,,,,,,,,,
Kalunguta,2026-06-13,,1,1,,,,,,,,,,,,,,,,,,,,,,,,,,,,
Kalunguta,2026-06-14,,1,1,,,,,,,,,,,,,,,,,,,,,,,,,,,,
Kalunguta,2026-06-15,,1,1,,,,,,,,,,,,,,,,,,,,,,,,,,,,
Kalunguta,2026-06-16,,2,,,,,,,,,,,,,,,,,,,,,,,,,,,,,
Kalunguta,2026-06-17,,2,1,,,,,,,,,,,,,,,,,,,,,,,,,,,,
Kalunguta,2026-06-18,,2,1,,,,,,,,,,,,,,,,,,,,,,,,,,,,
Kalunguta,2026-06-19,,2,1,,,,,,,,,,,,,,,,,,,,,,,,,,,,
Kalunguta,2026-06-20,,2,1,,,,,,,,,,,,,,,,,,,,,,,,,,,,
Kalunguta,2026-06-21,,2,1,,,,,,,,,,,,,,,,,,,,,,,,,,,,
Kalunguta,2026-06-22,,2,1,,,,,,,,,,,,,,,,,,,,,,,,,,,,
Kalunguta,2026-06-23,,2,1,,,,,,,,,,,,,,,,,,,,,,,,,,,,
Kalunguta,2026-06-24,,2,1,,,,,,,,,,,,,,,,,,,,,,,,,,,,
Kalunguta,2026-06-25,,2,1,,,,,,,,,,,,,,,,,,,,,,,,,,,,
Kalunguta,2026-06-29,,2,1,,,,,,,,,,,,,,,,,,,,,,,,,,,,
Kalunguta,2026-06-30,,2,1,,,,,,,,,,,,,,,,,,,,,,,,,,,,
Kalunguta,2026-07-01,,2,1,,,,,,,,,,,,,,,,,,,,,,,,,,,,
Kalunguta,2026-07-02,,2,1,,,,,,,,,,,,,,,,,,,,,,,,,,,,
Kalunguta,2026-07-03,,2,1,,,,,,,,,,,,,,,,,,,,,,,,,,,,
Kalunguta,2026-07-04,,2,1,,,,,,,,,,,,,,,,,,,,,,,,,,,,
Kalunguta,2026-07-05,,2,1,,,,,,,,,,,,,,,,,,,,,,,,,,,,
Kalunguta,2026-07-06,,2,1,,,,,,,,,,,,,,,,,,,,,,,,,,,,
Kalunguta,2026-07-07,,2,1,,,,,,,,,,,,,,,,,,,,,,,,,,,,
Kalunguta,2026-07-08,,2,1,,,,,,,,,,,,,,,,,,,,,,,,,,,,
Kalunguta,2026-07-09,,2,1,,,,,,,,,,,,,,,,,,,,,,,,,,,,
Kalunguta,2026-07-10,,2,1,,,,,,,,,,,,,,,,,,,,,,,,,,,,
Kalunguta,2026-07-11,,2,1,,,,,,,,,,,,,,,,,,,,,,,,,,,,
Kambala,2026-06-10,,1,1,,,,,,,,,,,,,,,,,,,,,,,,,,,,
Kambala,2026-06-11,,1,1,,,,,,,,,,,,,,,,,,,,,,,,,,,,
Kambala,2026-06-13,,1,1,,,,,,,,,,,,,,,,,,,,,,,,,,,,
Kambala,2026-06-14,,1,1,,,,,,,,,,,,,,,,,,,,,,,,,,,,
Kambala,2026-06-15,,1,1,,,,,,,,,,,,,,,,,,,,,,,,,,,,
Kambala,2026-06-16,,1,,,,,,,,,,,,,,,,,,,,,,,,,,,,,
Kambala,2026-06-17,,1,1,,,,,,,,,,,,,,,,,,,,,,,,,,,,
Kambala,2026-06-18,,1,1,,,,,,,,,,,,,,,,,,,,,,,,,,,,
Kambala,2026-06-19,,1,1,,,,,,,,,,,,,,,,,,,,,,,,,,,,
Kambala,2026-06-20,,1,1,,,,,,,,,,,,,,,,,,,,,,,,,,,,
Kambala,2026-06-21,,1,1,,,,,,,,,,,,,,,,,,,,,,,,,,,,
Kambala,2026-06-22,,1,1,,,,,,,,,,,,,,,,,,,,,,,,,,,,
Kambala,2026-06-23,,1,1,,,,,,,,,,,,,,,,,,,,,,,,,,,,
Kambala,2026-06-24,,1,1,,,,,,,,,,,,,,,,,,,,,,,,,,,,
Kambala,2026-06-25,,1,1,,,,,,,,,,,,,,,,,,,,,,,,,,,,
Kambala,2026-06-29,,1,1,,,,,,,,,,,,,,,,,,,,,,,,,,,,
Kambala,2026-06-30,,2,2,,,,,,,,,,,,,,,,,,,,,,,,,,,,
Kambala,2026-07-01,,2,2,,,,,,,,,,,,,,,,,,,,,,,,,,,,
Kambala,2026-07-02,,2,2,,,,,,,,,,,,,,,,,,,,,,,,,,,,
Kambala,2026-07-03,,2,2,,,,,,,,,,,,,,,,,,,,,,,,,,,,
Kambala,2026-07-04,,2,2,,,,,,,,,,,,,,,,,,,,,,,,,,,,
Kambala,2026-07-05,,2,2,,,,,,,,,,,,,,,,,,,,,,,,,,,,
Kambala,2026-07-06,,2,2,,,,,,,,,,,,,,,,,,,,,,,,,,,,
Kambala,2026-07-07,,2,2,,,,,,,,,,,,,,,,,,,,,,,,,,,,
Kambala,2026-07-08,,2,2,,,,,,,,,,,,,,,,,,,,,,,,,,,,
Kambala,2026-07-09,,2,2,,,,,,,,,,,,,,,,,,,,,,,,,,,,
Kambala,2026-07-10,,2,2,,,,,,,,,,,,,,,,,,,,,,,,,,,,
Kambala,2026-07-11,,2,2,,,,,,,,,,,,,,,,,,,,,,,,,,,,
Karisimbi,2026-05-24,,,,,249,,,,,,,,,,,,,,,249,,,,,,,,,,,
Karisimbi,2026-05-25,,,,,249,ND,0,,,,,,,,,,,1,,0,,,,ND,0,,,,,,
Karisimbi,2026-05-26,,0,,,249,5,0,,,,,,,,,,,0,,0,,,,5,0,,,,,,
Karisimbi,2026-05-27,,0,,,181,ND,0,,,,,,,,,,,ND,,ND,,,,ND,ND,,,,,,
Karisimbi,2026-05-28,,0,0,,181,ND,0,,,,,,,,,,,,,ND,,,,,,,,,,,
Karisimbi,2026-05-29,,0,0,,413,ND,0,,,,,,,,,,,ND,,249,,,,ND,ND,,,,,,
Karisimbi,2026-05-30,,0,0,,413,ND,0,,,,,,,,,,,,,ND,,,,,,,,,,,
Karisimbi,2026-06-01,,ND,ND,,,,,,,,,,,,,,,ND,,,,,,,,,,,,,
Karisimbi,2026-06-03,,ND,,,,,,,,,,,,,,,,,,,,,,,,,,,,,
Katwa,2026-05-18,,1,ND,,,1,ND,,,,,,,,,,,1,,,,,,1,ND,,,,,,
Katwa,2026-05-19,,1,ND,,,1,ND,,,,,,,,,,,0,,,,,,0,ND,,,,,,
Katwa,2026-05-20,,1,ND,,,13,0,,,,,,,,,,,1,,,,,,12,0,,,,,,
Katwa,2026-05-21,,1,0,,,13,0,,,,,,,,,,,1,,,,,,13,0,,,,,,
Katwa,2026-05-22,,0,0,,,13,0,,,,,,,,,,,2,,,,,,0,0,,,,,,
Katwa,2026-05-23,,4,0,,,13,0,,,,,,,,,,,1,,,,,,ND,0,,,,,,
Katwa,2026-05-24,,4,0,,99,0,0,,,,,,,,,,,0,,99,,,,ND,0,,,,,,
Katwa,2026-05-25,,4,,,99,13,0,,,,,,,,,,,0,,0,,,,0,0,,,,,,
Katwa,2026-05-26,,,0,,99,,0,,,,,,,,,,,0,,0,,,,0,0,,,,,,
Katwa,2026-05-27,,4,0,,111,,0,,,,,,,,,,,0,,12,,,,ND,ND,,,,,,
Katwa,2026-05-28,,4,3,,111,,0,,,,,,,,,,,,,ND,,,,,,,,,,,
Katwa,2026-05-29,,4,3,,221,,0,,,,,,,,,,,ND,,112,,,,ND,ND,,,,,,
Katwa,2026-05-30,,4,3,,221,,0,,,,,,,,,,,,,ND,,,,,,,,,,,
Katwa,2026-06-01,,7,5,,,,,,,,,,,,,,,3,,,,,,,,,,,,,
Katwa,2026-06-02,,7,5,,,,,,,,,,,,,,,,,,,,,,,,,,,,
Katwa,2026-06-03,,7,5,,,,,,,,,,,,,,,,,,,,,,,,,,,,
Katwa,2026-06-04,,11,7,,,,,,,,,,,,,,,,,,,,,,,,,,,,
Katwa,2026-06-05,,11,7,,,,,,,,,,,,,,,,,,,,,,,,,,,,
Katwa,2026-06-06,,11,8,,,,,,,,,,,,,,,,,,,,,,,,,,,,
Katwa,2026-06-07,,11,8,,,,,,,,,,,,,,,,,,,,,,,,,,,,
Katwa,2026-06-08,,12,8,,,,,,,,,,,,,,,,,,,,,,,,,,,,
Katwa,2026-06-09,,12,8,,,,,,,,,,,,,,,,,,,,,,,,,,,,
Katwa,2026-06-10,,18,10,,,,,,,,,,,,,,,,,,,,,,,,,,,,
Katwa,2026-06-11,,16,9,,,,,,,,,,,,,,,,,,,,,,,,,,,,
Katwa,2026-06-13,,21,12,,,,,,,,,,,,,,,,,,,,,,,,,,,,
Katwa,2026-06-14,,25,16,,,,,,,,,,,,,,,,,,,,,,,,,,,,
Katwa,2026-06-15,,25,16,,,,,,,,,,,,,,,,,,,,,,,,,,,,
Katwa,2026-06-16,,23,,,,,,,,,,,,,,,,,,,,,,,,,,,,,
Katwa,2026-06-17,,24,16,,,,,,,,,,,,,,,,,,,,,,,,,,,,
Katwa,2026-06-18,,24,16,,,,,,,,,,,,,,,,,,,,,,,,,,,,
Katwa,2026-06-19,,26,16,,,,,,,,,,,,,,,,,,,,,,,,,,,,
Katwa,2026-06-20,,28,17,,,,,,,,,,,,,,,,,,,,,,,,,,,,
Katwa,2026-06-21,,31,19,,,,,,,,,,,,,,,,,,,,,,,,,,,,
Katwa,2026-06-22,,32,19,,,,,,,,,,,,,,,,,,,,,,,,,,,,
Katwa,2026-06-23,,32,19,,,,,,,,,,,,,,,,,,,,,,,,,,,,
Katwa,2026-06-24,,33,20,,,,,,,,,,,,,,,,,,,,,,,,,,,,
Katwa,2026-06-25,,35,22,,,,,,,,,,,,,,,,,,,,,,,,,,,,
Katwa,2026-06-29,,45,27,,,,,,,,,,,,,,,,,,,,,,,,,,,,
Katwa,2026-06-30,,47,33,,,,,,,,,,,,,,,,,,,,,,,,,,,,
Katwa,2026-07-01,,49,33,,,,,,,,,,,,,,,,,,,,,,,,,,,,
Katwa,2026-07-02,,51,35,,,,,,,,,,,,,,,,,,,,,,,,,,,,
Katwa,2026-07-03,,51,37,,,,,,,,,,,,,,,,,,,,,,,,,,,,
Katwa,2026-07-04,,52,38,,,,,,,,,,,,,,,,,,,,,,,,,,,,
Katwa,2026-07-05,,52,38,,,,,,,,,,,,,,,,,,,,,,,,,,,,
Katwa,2026-07-06,,56,41,,,,,,,,,,,,,,,,,,,,,,,,,,,,
Katwa,2026-07-07,,61,41,,,,,,,,,,,,,,,,,,,,,,,,,,,,
Katwa,2026-07-08,,61,41,,,,,,,,,,,,,,,,,,,,,,,,,,,,
Katwa,2026-07-09,,66,45,,,,,,,,,,,,,,,,,,,,,,,,,,,,
Katwa,2026-07-10,,67,45,,,,,,,,,,,,,,,,,,,,,,,,,,,,
Katwa,2026-07-11,,71,47,,,,,,,,,,,,,,,,,,,,,,,,,,,,
Kilo,2026-05-21,ND,1,0,ND,0,1,0,,,,,,,,,,,1,ND,0,,,,1,0,,,,,,
Kilo,2026-05-22,ND,1,0,ND,176,6,2,,,,,,,,,,,0,ND,176,,,,1,2,,,,,,
Kilo,2026-05-23,ND,1,0,8,0,6,2,,,,,,,,,,,0,8,ND,,,,ND,0,,,,,,
Kilo,2026-05-24,ND,1,0,ND,0,8,2,,,,,,,,,,,0,ND,0,,,,1,0,,,,,,
Kilo,2026-05-25,,1,0,,0,18,0,,,,,,,,,,,0,,0,,,,10,0,,,,,,
Kilo,2026-05-26,,1,0,,0,18,0,,,,,,,,,,,0,,0,,,,0,0,,,,,,
Kilo,2026-05-27,,1,0,,41,8,2,,,,,,,,,,,0,,41,,,,ND,ND,,,,,,
Kilo,2026-05-28,,2,0,,41,8,2,,,,,,,,,,,,,ND,,,,,,,,,,,
Kilo,2026-05-29,,2,0,,41,8,2,,,,,,,,,,,0,,41,,,,ND,ND,,,,,,
Kilo,2026-05-30,,2,0,,41,8,2,,,,,,,,,,,,,ND,,,,,,,,,,,
Kilo,2026-06-01,,2,0,,,,,,,,,,,,,,,0,,,,,,,,,,,,,
Kilo,2026-06-02,,2,0,,,,,,,,,,,,,,,,,,,,,,,,,,,,
Kilo,2026-06-03,,2,0,,,,,,,,,,,,,,,,,,,,,,,,,,,,
Kilo,2026-06-04,,3,1,,,,,,,,,,,,,,,,,,,,,,,,,,,,
Kilo,2026-06-05,,4,1,,,,,,,,,,,,,,,,,,,,,,,,,,,,
Kilo,2026-06-06,,4,1,,,,,,,,,,,,,,,,,,,,,,,,,,,,
Kilo,2026-06-07,,4,1,,,,,,,,,,,,,,,,,,,,,,,,,,,,
Kilo,2026-06-08,,4,1,,,,,,,,,,,,,,,,,,,,,,,,,,,,
Kilo,2026-06-09,,4,1,,,,,,,,,,,,,,,,,,,,,,,,,,,,
Kilo,2026-06-10,,4,1,,,,,,,,,,,,,,,,,,,,,,,,,,,,
Kilo,2026-06-11,,4,1,,,,,,,,,,,,,,,,,,,,,,,,,,,,
Kilo,2026-06-13,,4,1,,,,,,,,,,,,,,,,,,,,,,,,,,,,
Kilo,2026-06-14,,4,1,,,,,,,,,,,,,,,,,,,,,,,,,,,,
Kilo,2026-06-15,,4,1,,,,,,,,,,,,,,,,,,,,,,,,,,,,
Kilo,2026-06-16,,4,,,,,,,,,,,,,,,,,,,,,,,,,,,,,
Kilo,2026-06-17,,7,1,,,,,,,,,,,,,,,,,,,,,,,,,,,,
Kilo,2026-06-18,,7,1,,,,,,,,,,,,,,,,,,,,,,,,,,,,
Kilo,2026-06-19,,7,1,,,,,,,,,,,,,,,,,,,,,,,,,,,,
Kilo,2026-06-20,,7,1,,,,,,,,,,,,,,,,,,,,,,,,,,,,
Kilo,2026-06-21,,7,1,,,,,,,,,,,,,,,,,,,,,,,,,,,,
Kilo,2026-06-22,,7,1,,,,,,,,,,,,,,,,,,,,,,,,,,,,
Kilo,2026-06-23,,7,1,,,,,,,,,,,,,,,,,,,,,,,,,,,,
Kilo,2026-06-24,,9,1,,,,,,,,,,,,,,,,,,,,,,,,,,,,
Kilo,2026-06-25,,9,1,,,,,,,,,,,,,,,,,,,,,,,,,,,,
Kilo,2026-06-29,,9,1,,,,,,,,,,,,,,,,,,,,,,,,,,,,
Kilo,2026-06-30,,9,1,,,,,,,,,,,,,,,,,,,,,,,,,,,,
Kilo,2026-07-01,,9,1,,,,,,,,,,,,,,,,,,,,,,,,,,,,
Kilo,2026-07-02,,9,1,,,,,,,,,,,,,,,,,,,,,,,,,,,,
Kilo,2026-07-03,,9,1,,,,,,,,,,,,,,,,,,,,,,,,,,,,
Kilo,2026-07-04,,9,1,,,,,,,,,,,,,,,,,,,,,,,,,,,,
Kilo,2026-07-05,,9,1,,,,,,,,,,,,,,,,,,,,,,,,,,,,
Kilo,2026-07-06,,9,1,,,,,,,,,,,,,,,,,,,,,,,,,,,,
Kilo,2026-07-07,,9,1,,,,,,,,,,,,,,,,,,,,,,,,,,,,
Kilo,2026-07-08,,9,1,,,,,,,,,,,,,,,,,,,,,,,,,,,,
Kilo,2026-07-09,,9,1,,,,,,,,,,,,,,,,,,,,,,,,,,,,
Kilo,2026-07-10,,9,1,,,,,,,,,,,,,,,,,,,,,,,,,,,,
Kilo,2026-07-11,,9,1,,,,,,,,,,,,,,,,,,,,,,,,,,,,
Komanda,2026-05-19,ND,,,2,ND,,,,,,,,,,,,,,2,ND,,,,,,,,,,,
Komanda,2026-05-22,,,1,1,,,,,,,,,,,,,,,1,,,,,,,,,,,,
Komanda,2026-05-23,,,1,,,,,,,,,,,,,,,,,,,,,,,,,,,,
Komanda,2026-05-24,,,1,,,,,,,,,,,,,,,,,,,,,ND,ND,,,,,,
Komanda,2026-05-25,,,1,,,,,,,,,,,,,,,,,,,,,,,,,,,,
Komanda,2026-05-26,,,1,,,,,,,,,,,,,,,,,,,,,,,,,,,,
Komanda,2026-05-27,,,1,,,,,,,,,,,,,,,,,,,,,,,,,,,,
Komanda,2026-05-28,,1,1,,,,,,,,,,,,,,,,,,,,,,,,,,,,
Komanda,2026-05-29,,1,0,,,,,,,,,,,,,,,ND,,,,,,ND,ND,,,,,,
Komanda,2026-05-30,,1,0,,,,,,,,,,,,,,,,,,,,,,,,,,,,
Komanda,2026-06-01,,1,0,,,,,,,,,,,,,,,1,,,,,,,,,,,,,
Komanda,2026-06-02,,1,0,,,,,,,,,,,,,,,,,,,,,,,,,,,,
Komanda,2026-06-03,,1,0,,,,,,,,,,,,,,,,,,,,,,,,,,,,
Komanda,2026-06-04,,3,0,,,,,,,,,,,,,,,,,,,,,,,,,,,,
Komanda,2026-06-05,,3,0,,,,,,,,,,,,,,,,,,,,,,,,,,,,
Komanda,2026-06-06,,3,0,,,,,,,,,,,,,,,,,,,,,,,,,,,,
Komanda,2026-06-07,,3,0,,,,,,,,,,,,,,,,,,,,,,,,,,,,
Komanda,2026-06-08,,3,0,,,,,,,,,,,,,,,,,,,,,,,,,,,,
Komanda,2026-06-09,,3,0,,,,,,,,,,,,,,,,,,,,,,,,,,,,
Komanda,2026-06-10,,3,0,,,,,,,,,,,,,,,,,,,,,,,,,,,,
Komanda,2026-06-11,,3,0,,,,,,,,,,,,,,,,,,,,,,,,,,,,
Komanda,2026-06-13,,6,0,,,,,,,,,,,,,,,,,,,,,,,,,,,,
Komanda,2026-06-14,,6,0,,,,,,,,,,,,,,,,,,,,,,,,,,,,
Komanda,2026-06-15,,7,1,,,,,,,,,,,,,,,,,,,,,,,,,,,,
Komanda,2026-06-16,,7,,,,,,,,,,,,,,,,,,,,,,,,,,,,,
Komanda,2026-06-17,,10,3,,,,,,,,,,,,,,,,,,,,,,,,,,,,
Komanda,2026-06-18,,10,3,,,,,,,,,,,,,,,,,,,,,,,,,,,,
Komanda,2026-06-19,,10,3,,,,,,,,,,,,,,,,,,,,,,,,,,,,
Komanda,2026-06-20,,10,3,,,,,,,,,,,,,,,,,,,,,,,,,,,,
Komanda,2026-06-21,,10,3,,,,,,,,,,,,,,,,,,,,,,,,,,,,
Komanda,2026-06-22,,10,3,,,,,,,,,,,,,,,,,,,,,,,,,,,,
Komanda,2026-06-23,,13,3,,,,,,,,,,,,,,,,,,,,,,,,,,,,
Komanda,2026-06-24,,13,3,,,,,,,,,,,,,,,,,,,,,,,,,,,,
Komanda,2026-06-25,,13,3,,,,,,,,,,,,,,,,,,,,,,,,,,,,
Komanda,2026-06-29,,16,5,,,,,,,,,,,,,,,,,,,,,,,,,,,,
Komanda,2026-06-30,,18,5,,,,,,,,,,,,,,,,,,,,,,,,,,,,
Komanda,2026-07-01,,19,5,,,,,,,,,,,,,,,,,,,,,,,,,,,,
Komanda,2026-07-02,,19,5,,,,,,,,,,,,,,,,,,,,,,,,,,,,
Komanda,2026-07-03,,19,5,,,,,,,,,,,,,,,,,,,,,,,,,,,,
Komanda,2026-07-04,,22,8,,,,,,,,,,,,,,,,,,,,,,,,,,,,
Komanda,2026-07-05,,22,8,,,,,,,,,,,,,,,,,,,,,,,,,,,,
Komanda,2026-07-06,,23,8,,,,,,,,,,,,,,,,,,,,,,,,,,,,
Komanda,2026-07-07,,23,8,,,,,,,,,,,,,,,,,,,,,,,,,,,,
Komanda,2026-07-08,,23,8,,,,,,,,,,,,,,,,,,,,,,,,,,,,
Komanda,2026-07-09,,25,8,,,,,,,,,,,,,,,,,,,,,,,,,,,,
Komanda,2026-07-10,,25,8,,,,,,,,,,,,,,,,,,,,,,,,,,,,
Komanda,2026-07-11,,27,8,,,,,,,,,,,,,,,,,,,,,,,,,,,,
Kyondo,2026-05-24,,,,,16,,,,,,,,,,,,,,,16,,,,,,,,,,,
Kyondo,2026-05-25,,1,,,16,,,,,,,,,,,,,,,0,,,,,,,,,,,
Kyondo,2026-05-26,,1,,,16,3,0,,,,,,,,,,,1,,0,,,,3,0,,,,,,
Kyondo,2026-05-27,,ND,,,16,ND,0,,,,,,,,,,,ND,,0,,,,ND,ND,,,,,,
Kyondo,2026-05-28,,1,0,,16,ND,0,,,,,,,,,,,,,ND,,,,,,,,,,,
Kyondo,2026-05-29,,1,0,,16,ND,0,,,,,,,,,,,ND,,16,,,,ND,ND,,,,,,
Kyondo,2026-05-30,,1,0,,16,ND,0,,,,,,,,,,,,,ND,,,,,,,,,,,
Kyondo,2026-06-01,,1,0,,,,,,,,,,,,,,,0,,,,,,,,,,,,,
Kyondo,2026-06-02,,1,0,,,,,,,,,,,,,,,,,,,,,,,,,,,,
Kyondo,2026-06-03,,1,0,,,,,,,,,,,,,,,,,,,,,,,,,,,,
Kyondo,2026-06-04,,1,0,,,,,,,,,,,,,,,,,,,,,,,,,,,,
Kyondo,2026-06-05,,1,0,,,,,,,,,,,,,,,,,,,,,,,,,,,,
Kyondo,2026-06-06,,1,0,,,,,,,,,,,,,,,,,,,,,,,,,,,,
Kyondo,2026-06-07,,1,0,,,,,,,,,,,,,,,,,,,,,,,,,,,,
Kyondo,2026-06-08,,1,0,,,,,,,,,,,,,,,,,,,,,,,,,,,,
Kyondo,2026-06-09,,1,0,,,,,,,,,,,,,,,,,,,,,,,,,,,,
Kyondo,2026-06-10,,2,0,,,,,,,,,,,,,,,,,,,,,,,,,,,,
Kyondo,2026-06-11,,2,2,,,,,,,,,,,,,,,,,,,,,,,,,,,,
Kyondo,2026-06-13,,2,1,,,,,,,,,,,,,,,,,,,,,,,,,,,,
Kyondo,2026-06-14,,2,1,,,,,,,,,,,,,,,,,,,,,,,,,,,,
Kyondo,2026-06-15,,2,1,,,,,,,,,,,,,,,,,,,,,,,,,,,,
Kyondo,2026-06-16,,2,,,,,,,,,,,,,,,,,,,,,,,,,,,,,
Kyondo,2026-06-17,,2,1,,,,,,,,,,,,,,,,,,,,,,,,,,,,
Kyondo,2026-06-18,,2,1,,,,,,,,,,,,,,,,,,,,,,,,,,,,
Kyondo,2026-06-19,,2,1,,,,,,,,,,,,,,,,,,,,,,,,,,,,
Kyondo,2026-06-20,,2,1,,,,,,,,,,,,,,,,,,,,,,,,,,,,
Kyondo,2026-06-21,,3,1,,,,,,,,,,,,,,,,,,,,,,,,,,,,
Kyondo,2026-06-22,,3,1,,,,,,,,,,,,,,,,,,,,,,,,,,,,
Kyondo,2026-06-23,,3,2,,,,,,,,,,,,,,,,,,,,,,,,,,,,
Kyondo,2026-06-24,,3,2,,,,,,,,,,,,,,,,,,,,,,,,,,,,
Kyondo,2026-06-25,,3,2,,,,,,,,,,,,,,,,,,,,,,,,,,,,
Kyondo,2026-06-29,,3,2,,,,,,,,,,,,,,,,,,,,,,,,,,,,
Kyondo,2026-06-30,,3,2,,,,,,,,,,,,,,,,,,,,,,,,,,,,
Kyondo,2026-07-01,,3,2,,,,,,,,,,,,,,,,,,,,,,,,,,,,
Kyondo,2026-07-02,,3,2,,,,,,,,,,,,,,,,,,,,,,,,,,,,
Kyondo,2026-07-03,,4,2,,,,,,,,,,,,,,,,,,,,,,,,,,,,
Kyondo,2026-07-04,,4,2,,,,,,,,,,,,,,,,,,,,,,,,,,,,
Kyondo,2026-07-05,,4,2,,,,,,,,,,,,,,,,,,,,,,,,,,,,
Kyondo,2026-07-06,,4,2,,,,,,,,,,,,,,,,,,,,,,,,,,,,
Kyondo,2026-07-07,,4,2,,,,,,,,,,,,,,,,,,,,,,,,,,,,
Kyondo,2026-07-08,,4,2,,,,,,,,,,,,,,,,,,,,,,,,,,,,
Kyondo,2026-07-09,,5,3,,,,,,,,,,,,,,,,,,,,,,,,,,,,
Kyondo,2026-07-10,,5,3,,,,,,,,,,,,,,,,,,,,,,,,,,,,
Kyondo,2026-07-11,,7,3,,,,,,,,,,,,,,,,,,,,,,,,,,,,
Lita,2026-05-28,,1,0,,,,,,,,,,,,,,,,,,,,,,,,,,,,
Lita,2026-05-29,,1,0,,,,,,,,,,,,,,,1,,,,,,ND,ND,,,,,,
Lita,2026-05-30,,1,0,,,,,,,,,,,,,,,,,,,,,,,,,,,,
Lita,2026-06-01,,1,0,,,,,,,,,,,,,,,0,,,,,,,,,,,,,
Lita,2026-06-02,,1,0,,,,,,,,,,,,,,,,,,,,,,,,,,,,
Lita,2026-06-03,,2,0,,,,,,,,,,,,,,,,,,,,,,,,,,,,
Lita,2026-06-04,,3,0,,,,,,,,,,,,,,,,,,,,,,,,,,,,
Lita,2026-06-05,,4,0,,,,,,,,,,,,,,,,,,,,,,,,,,,,
Lita,2026-06-06,,4,0,,,,,,,,,,,,,,,,,,,,,,,,,,,,
Lita,2026-06-07,,4,0,,,,,,,,,,,,,,,,,,,,,,,,,,,,
Lita,2026-06-08,,4,0,,,,,,,,,,,,,,,,,,,,,,,,,,,,
Lita,2026-06-09,,5,0,,,,,,,,,,,,,,,,,,,,,,,,,,,,
Lita,2026-06-10,,6,0,,,,,,,,,,,,,,,,,,,,,,,,,,,,
Lita,2026-06-11,,6,0,,,,,,,,,,,,,,,,,,,,,,,,,,,,
Lita,2026-06-13,,6,0,,,,,,,,,,,,,,,,,,,,,,,,,,,,
Lita,2026-06-14,,6,0,,,,,,,,,,,,,,,,,,,,,,,,,,,,
Lita,2026-06-15,,9,0,,,,,,,,,,,,,,,,,,,,,,,,,,,,
Lita,2026-06-16,,9,,,,,,,,,,,,,,,,,,,,,,,,,,,,,
Lita,2026-06-17,,18,4,,,,,,,,,,,,,,,,,,,,,,,,,,,,
Lita,2026-06-18,,20,6,,,,,,,,,,,,,,,,,,,,,,,,,,,,
Lita,2026-06-19,,20,6,,,,,,,,,,,,,,,,,,,,,,,,,,,,
Lita,2026-06-20,,20,6,,,,,,,,,,,,,,,,,,,,,,,,,,,,
Lita,2026-06-21,,21,6,,,,,,,,,,,,,,,,,,,,,,,,,,,,
Lita,2026-06-22,,24,6,,,,,,,,,,,,,,,,,,,,,,,,,,,,
Lita,2026-06-23,,26,6,,,,,,,,,,,,,,,,,,,,,,,,,,,,
Lita,2026-06-24,,26,6,,,,,,,,,,,,,,,,,,,,,,,,,,,,
Lita,2026-06-25,,26,6,,,,,,,,,,,,,,,,,,,,,,,,,,,,
Lita,2026-06-29,,29,9,,,,,,,,,,,,,,,,,,,,,,,,,,,,
Lita,2026-06-30,,29,9,,,,,,,,,,,,,,,,,,,,,,,,,,,,
Lita,2026-07-01,,32,11,,,,,,,,,,,,,,,,,,,,,,,,,,,,
Lita,2026-07-02,,33,12,,,,,,,,,,,,,,,,,,,,,,,,,,,,
Lita,2026-07-03,,33,12,,,,,,,,,,,,,,,,,,,,,,,,,,,,
Lita,2026-07-04,,33,12,,,,,,,,,,,,,,,,,,,,,,,,,,,,
Lita,2026-07-05,,33,12,,,,,,,,,,,,,,,,,,,,,,,,,,,,
Lita,2026-07-06,,40,16,,,,,,,,,,,,,,,,,,,,,,,,,,,,
Lita,2026-07-07,,40,16,,,,,,,,,,,,,,,,,,,,,,,,,,,,
Lita,2026-07-08,,41,16,,,,,,,,,,,,,,,,,,,,,,,,,,,,
Lita,2026-07-09,,42,17,,,,,,,,,,,,,,,,,,,,,,,,,,,,
Lita,2026-07-10,,45,19,,,,,,,,,,,,,,,,,,,,,,,,,,,,
Lita,2026-07-11,,48,19,,,,,,,,,,,,,,,,,,,,,,,,,,,,
Logo,2026-06-01,,1,0,,,,,,,,,,,,,,,1,,,,,,,,,,,,,
Logo,2026-06-02,,1,0,,,,,,,,,,,,,,,,,,,,,,,,,,,,
Logo,2026-06-04,,2,0,,,,,,,,,,,,,,,,,,,,,,,,,,,,
Logo,2026-06-05,,2,0,,,,,,,,,,,,,,,,,,,,,,,,,,,,
Logo,2026-06-06,,2,0,,,,,,,,,,,,,,,,,,,,,,,,,,,,
Logo,2026-06-07,,2,0,,,,,,,,,,,,,,,,,,,,,,,,,,,,
Logo,2026-06-08,,2,0,,,,,,,,,,,,,,,,,,,,,,,,,,,,
Logo,2026-06-09,,2,0,,,,,,,,,,,,,,,,,,,,,,,,,,,,
Logo,2026-06-10,,2,0,,,,,,,,,,,,,,,,,,,,,,,,,,,,
Logo,2026-06-11,,2,0,,,,,,,,,,,,,,,,,,,,,,,,,,,,
Logo,2026-06-13,,2,0,,,,,,,,,,,,,,,,,,,,,,,,,,,,
Logo,2026-06-14,,2,0,,,,,,,,,,,,,,,,,,,,,,,,,,,,
Logo,2026-06-15,,2,0,,,,,,,,,,,,,,,,,,,,,,,,,,,,
Logo,2026-06-16,,2,,,,,,,,,,,,,,,,,,,,,,,,,,,,,
Logo,2026-06-17,,2,0,,,,,,,,,,,,,,,,,,,,,,,,,,,,
Logo,2026-06-18,,2,0,,,,,,,,,,,,,,,,,,,,,,,,,,,,
Logo,2026-06-19,,2,0,,,,,,,,,,,,,,,,,,,,,,,,,,,,
Logo,2026-06-20,,2,0,,,,,,,,,,,,,,,,,,,,,,,,,,,,
Logo,2026-06-21,,2,0,,,,,,,,,,,,,,,,,,,,,,,,,,,,
Logo,2026-06-22,,5,0,,,,,,,,,,,,,,,,,,,,,,,,,,,,
Logo,2026-06-23,,5,0,,,,,,,,,,,,,,,,,,,,,,,,,,,,
Logo,2026-06-24,,5,0,,,,,,,,,,,,,,,,,,,,,,,,,,,,
Logo,2026-06-25,,7,0,,,,,,,,,,,,,,,,,,,,,,,,,,,,
Logo,2026-06-29,,7,0,,,,,,,,,,,,,,,,,,,,,,,,,,,,
Logo,2026-06-30,,7,0,,,,,,,,,,,,,,,,,,,,,,,,,,,,
Logo,2026-07-01,,7,0,,,,,,,,,,,,,,,,,,,,,,,,,,,,
Logo,2026-07-02,,7,0,,,,,,,,,,,,,,,,,,,,,,,,,,,,
Logo,2026-07-03,,7,0,,,,,,,,,,,,,,,,,,,,,,,,,,,,
Logo,2026-07-04,,7,0,,,,,,,,,,,,,,,,,,,,,,,,,,,,
Logo,2026-07-05,,7,0,,,,,,,,,,,,,,,,,,,,,,,,,,,,
Logo,2026-07-06,,7,0,,,,,,,,,,,,,,,,,,,,,,,,,,,,
Logo,2026-07-07,,7,0,,,,,,,,,,,,,,,,,,,,,,,,,,,,
Logo,2026-07-08,,7,0,,,,,,,,,,,,,,,,,,,,,,,,,,,,
Logo,2026-07-09,,7,0,,,,,,,,,,,,,,,,,,,,,,,,,,,,
Logo,2026-07-10,,7,0,,,,,,,,,,,,,,,,,,,,,,,,,,,,
Logo,2026-07-11,,7,0,,,,,,,,,,,,,,,,,,,,,,,,,,,,
Lolwa,2026-06-30,,1,1,,,,,,,,,,,,,,,,,,,,,,,,,,,,
Lolwa,2026-07-01,,1,1,,,,,,,,,,,,,,,,,,,,,,,,,,,,
Lolwa,2026-07-02,,1,1,,,,,,,,,,,,,,,,,,,,,,,,,,,,
Lolwa,2026-07-03,,1,1,,,,,,,,,,,,,,,,,,,,,,,,,,,,
Lolwa,2026-07-04,,1,1,,,,,,,,,,,,,,,,,,,,,,,,,,,,
Lolwa,2026-07-05,,1,1,,,,,,,,,,,,,,,,,,,,,,,,,,,,
Lolwa,2026-07-06,,1,1,,,,,,,,,,,,,,,,,,,,,,,,,,,,
Lolwa,2026-07-07,,1,1,,,,,,,,,,,,,,,,,,,,,,,,,,,,
Lolwa,2026-07-08,,1,1,,,,,,,,,,,,,,,,,,,,,,,,,,,,
Lolwa,2026-07-09,,1,1,,,,,,,,,,,,,,,,,,,,,,,,,,,,
Lolwa,2026-07-10,,1,1,,,,,,,,,,,,,,,,,,,,,,,,,,,,
Lolwa,2026-07-11,,1,1,,,,,,,,,,,,,,,,,,,,,,,,,,,,
Lubunga (Tshopo),2026-07-10,,1,0,,,,,,,,,,,,,,,,,,,,,,,,,,,,
Lubunga (Tshopo),2026-07-11,,1,0,,,,,,,,,,,,,,,,,,,,,,,,,,,,
Mabalako,2026-06-13,,1,0,,,,,,,,,,,,,,,,,,,,,,,,,,,,
Mabalako,2026-06-14,,1,0,,,,,,,,,,,,,,,,,,,,,,,,,,,,
Mabalako,2026-06-15,,1,0,,,,,,,,,,,,,,,,,,,,,,,,,,,,
Mabalako,2026-06-16,,1,,,,,,,,,,,,,,,,,,,,,,,,,,,,,
Mabalako,2026-06-17,,1,0,,,,,,,,,,,,,,,,,,,,,,,,,,,,
Mabalako,2026-06-18,,1,0,,,,,,,,,,,,,,,,,,,,,,,,,,,,
Mabalako,2026-06-19,,1,0,,,,,,,,,,,,,,,,,,,,,,,,,,,,
Mabalako,2026-06-20,,1,0,,,,,,,,,,,,,,,,,,,,,,,,,,,,
Mabalako,2026-06-21,,1,0,,,,,,,,,,,,,,,,,,,,,,,,,,,,
Mabalako,2026-06-22,,1,0,,,,,,,,,,,,,,,,,,,,,,,,,,,,
Mabalako,2026-06-23,,1,0,,,,,,,,,,,,,,,,,,,,,,,,,,,,
Mabalako,2026-06-24,,1,0,,,,,,,,,,,,,,,,,,,,,,,,,,,,
Mabalako,2026-06-25,,1,0,,,,,,,,,,,,,,,,,,,,,,,,,,,,
Mabalako,2026-06-29,,1,0,,,,,,,,,,,,,,,,,,,,,,,,,,,,
Mabalako,2026-06-30,,1,0,,,,,,,,,,,,,,,,,,,,,,,,,,,,
Mabalako,2026-07-01,,1,0,,,,,,,,,,,,,,,,,,,,,,,,,,,,
Mabalako,2026-07-02,,1,0,,,,,,,,,,,,,,,,,,,,,,,,,,,,
Mabalako,2026-07-03,,1,0,,,,,,,,,,,,,,,,,,,,,,,,,,,,
Mabalako,2026-07-04,,1,0,,,,,,,,,,,,,,,,,,,,,,,,,,,,
Mabalako,2026-07-05,,1,0,,,,,,,,,,,,,,,,,,,,,,,,,,,,
Mabalako,2026-07-06,,1,0,,,,,,,,,,,,,,,,,,,,,,,,,,,,
Mabalako,2026-07-07,,1,0,,,,,,,,,,,,,,,,,,,,,,,,,,,,
Mabalako,2026-07-08,,1,0,,,,,,,,,,,,,,,,,,,,,,,,,,,,
Mabalako,2026-07-09,,1,0,,,,,,,,,,,,,,,,,,,,,,,,,,,,
Mabalako,2026-07-10,,1,0,,,,,,,,,,,,,,,,,,,,,,,,,,,,
Mabalako,2026-07-11,,1,0,,,,,,,,,,,,,,,,,,,,,,,,,,,,
Mahagi,2026-05-20,,,,,,,,,,,,,,,,,,,,,,,,,,184,184,0,0,184,184
Makiso Kisangani,2026-07-10,,2,2,,,,,,,,,,,,,,,,,,,,,,,,,,,,
Makiso Kisangani,2026-07-11,,2,2,,,,,,,,,,,,,,,,,,,,,,,,,,,,
Mambasa,2026-05-26,,0,,,,5,1,,,,,,,,,,,0,,,,,,5,1,,,,,,
Mambasa,2026-05-27,,0,,,,ND,ND,,,,,,,,,,,ND,,,,,,ND,ND,,,,,,
Mambasa,2026-05-28,,,,,,ND,ND,,,,,,,,,,,,,,,,,,,,,,,,
Mambasa,2026-05-29,,,,,,ND,ND,,,,,,,,,,,,,,,,,,,,,,,,
Mambasa,2026-05-30,,,,,,ND,ND,,,,,,,,,,,,,,,,,,,,,,,,
Mambasa,2026-06-01,,2,1,,,,,,,,,,,,,,,2,,,,,,,,,,,,,
Mambasa,2026-06-02,,2,1,,,,,,,,,,,,,,,,,,,,,,,,,,,,
Mambasa,2026-06-04,,2,1,,,,,,,,,,,,,,,,,,,,,,,,,,,,
Mambasa,2026-06-05,,2,1,,,,,,,,,,,,,,,,,,,,,,,,,,,,
Mambasa,2026-06-06,,2,1,,,,,,,,,,,,,,,,,,,,,,,,,,,,
Mambasa,2026-06-07,,2,1,,,,,,,,,,,,,,,,,,,,,,,,,,,,
Mambasa,2026-06-08,,2,1,,,,,,,,,,,,,,,,,,,,,,,,,,,,
Mambasa,2026-06-09,,2,1,,,,,,,,,,,,,,,,,,,,,,,,,,,,
Mambasa,2026-06-10,,2,1,,,,,,,,,,,,,,,,,,,,,,,,,,,,
Mambasa,2026-06-11,,2,1,,,,,,,,,,,,,,,,,,,,,,,,,,,,
Mambasa,2026-06-13,,2,1,,,,,,,,,,,,,,,,,,,,,,,,,,,,
Mambasa,2026-06-14,,2,1,,,,,,,,,,,,,,,,,,,,,,,,,,,,
Mambasa,2026-06-15,,2,1,,,,,,,,,,,,,,,,,,,,,,,,,,,,
Mambasa,2026-06-16,,2,,,,,,,,,,,,,,,,,,,,,,,,,,,,,
Mambasa,2026-06-17,,2,1,,,,,,,,,,,,,,,,,,,,,,,,,,,,
Mambasa,2026-06-18,,2,1,,,,,,,,,,,,,,,,,,,,,,,,,,,,
Mambasa,2026-06-19,,2,1,,,,,,,,,,,,,,,,,,,,,,,,,,,,
Mambasa,2026-06-20,,2,1,,,,,,,,,,,,,,,,,,,,,,,,,,,,
Mambasa,2026-06-21,,2,1,,,,,,,,,,,,,,,,,,,,,,,,,,,,
Mambasa,2026-06-22,,2,1,,,,,,,,,,,,,,,,,,,,,,,,,,,,
Mambasa,2026-06-23,,2,1,,,,,,,,,,,,,,,,,,,,,,,,,,,,
Mambasa,2026-06-24,,2,1,,,,,,,,,,,,,,,,,,,,,,,,,,,,
Mambasa,2026-06-25,,2,1,,,,,,,,,,,,,,,,,,,,,,,,,,,,
Mambasa,2026-06-29,,2,1,,,,,,,,,,,,,,,,,,,,,,,,,,,,
Mambasa,2026-06-30,,2,1,,,,,,,,,,,,,,,,,,,,,,,,,,,,
Mambasa,2026-07-01,,2,1,,,,,,,,,,,,,,,,,,,,,,,,,,,,
Mambasa,2026-07-02,,2,1,,,,,,,,,,,,,,,,,,,,,,,,,,,,
Mambasa,2026-07-03,,2,1,,,,,,,,,,,,,,,,,,,,,,,,,,,,
Mambasa,2026-07-04,,2,1,,,,,,,,,,,,,,,,,,,,,,,,,,,,
Mambasa,2026-07-05,,2,1,,,,,,,,,,,,,,,,,,,,,,,,,,,,
Mambasa,2026-07-06,,4,3,,,,,,,,,,,,,,,,,,,,,,,,,,,,
Mambasa,2026-07-07,,4,3,,,,,,,,,,,,,,,,,,,,,,,,,,,,
Mambasa,2026-07-08,,4,3,,,,,,,,,,,,,,,,,,,,,,,,,,,,
Mambasa,2026-07-09,,5,4,,,,,,,,,,,,,,,,,,,,,,,,,,,,
Mambasa,2026-07-10,,5,4,,,,,,,,,,,,,,,,,,,,,,,,,,,,
Mambasa,2026-07-11,,5,4,,,,,,,,,,,,,,,,,,,,,,,,,,,,
Mandima,2026-06-29,,1,0,,,,,,,,,,,,,,,,,,,,,,,,,,,,
Mandima,2026-06-30,,2,1,,,,,,,,,,,,,,,,,,,,,,,,,,,,
Mandima,2026-07-01,,2,1,,,,,,,,,,,,,,,,,,,,,,,,,,,,
Mandima,2026-07-02,,4,1,,,,,,,,,,,,,,,,,,,,,,,,,,,,
Mandima,2026-07-03,,4,1,,,,,,,,,,,,,,,,,,,,,,,,,,,,
Mandima,2026-07-04,,4,1,,,,,,,,,,,,,,,,,,,,,,,,,,,,
Mandima,2026-07-05,,4,1,,,,,,,,,,,,,,,,,,,,,,,,,,,,
Mandima,2026-07-06,,5,2,,,,,,,,,,,,,,,,,,,,,,,,,,,,
Mandima,2026-07-07,,5,2,,,,,,,,,,,,,,,,,,,,,,,,,,,,
Mandima,2026-07-08,,5,2,,,,,,,,,,,,,,,,,,,,,,,,,,,,
Mandima,2026-07-09,,5,2,,,,,,,,,,,,,,,,,,,,,,,,,,,,
Mandima,2026-07-10,,8,3,,,,,,,,,,,,,,,,,,,,,,,,,,,,
Mandima,2026-07-11,,8,3,,,,,,,,,,,,,,,,,,,,,,,,,,,,
Mangala,2026-05-19,ND,,,1,ND,,,,,,,,,,,,,,1,ND,,,,,,,,,,,
Mangala,2026-05-28,,1,0,,,,,,,,,,,,,,,,,,,,,,,,,,,,
Mangala,2026-05-29,,1,0,,,,,,,,,,,,,,,0,,,,,,ND,ND,,,,,,
Mangala,2026-05-30,,1,0,,,,,,,,,,,,,,,,,,,,,,,,,,,,
Mangala,2026-06-01,,1,0,,,,,,,,,,,,,,,0,,,,,,,,,,,,,
Mangala,2026-06-02,,1,0,,,,,,,,,,,,,,,,,,,,,,,,,,,,
Mangala,2026-06-03,,1,0,,,,,,,,,,,,,,,,,,,,,,,,,,,,
Mangala,2026-06-04,,1,0,,,,,,,,,,,,,,,,,,,,,,,,,,,,
Mangala,2026-06-05,,1,0,,,,,,,,,,,,,,,,,,,,,,,,,,,,
Mangala,2026-06-06,,1,0,,,,,,,,,,,,,,,,,,,,,,,,,,,,
Mangala,2026-06-07,,1,0,,,,,,,,,,,,,,,,,,,,,,,,,,,,
Mangala,2026-06-08,,1,0,,,,,,,,,,,,,,,,,,,,,,,,,,,,
Mangala,2026-06-09,,1,0,,,,,,,,,,,,,,,,,,,,,,,,,,,,
Mangala,2026-06-10,,2,0,,,,,,,,,,,,,,,,,,,,,,,,,,,,
Mangala,2026-06-11,,2,0,,,,,,,,,,,,,,,,,,,,,,,,,,,,
Mangala,2026-06-13,,5,3,,,,,,,,,,,,,,,,,,,,,,,,,,,,
Mangala,2026-06-14,,5,3,,,,,,,,,,,,,,,,,,,,,,,,,,,,
Mangala,2026-06-15,,5,3,,,,,,,,,,,,,,,,,,,,,,,,,,,,
Mangala,2026-06-16,,5,,,,,,,,,,,,,,,,,,,,,,,,,,,,,
Mangala,2026-06-17,,5,3,,,,,,,,,,,,,,,,,,,,,,,,,,,,
Mangala,2026-06-18,,7,4,,,,,,,,,,,,,,,,,,,,,,,,,,,,
Mangala,2026-06-19,,7,4,,,,,,,,,,,,,,,,,,,,,,,,,,,,
Mangala,2026-06-20,,7,4,,,,,,,,,,,,,,,,,,,,,,,,,,,,
Mangala,2026-06-21,,11,5,,,,,,,,,,,,,,,,,,,,,,,,,,,,
Mangala,2026-06-22,,14,6,,,,,,,,,,,,,,,,,,,,,,,,,,,,
Mangala,2026-06-23,,17,8,,,,,,,,,,,,,,,,,,,,,,,,,,,,
Mangala,2026-06-24,,17,8,,,,,,,,,,,,,,,,,,,,,,,,,,,,
Mangala,2026-06-25,,17,8,,,,,,,,,,,,,,,,,,,,,,,,,,,,
Mangala,2026-06-29,,24,12,,,,,,,,,,,,,,,,,,,,,,,,,,,,
Mangala,2026-06-30,,24,12,,,,,,,,,,,,,,,,,,,,,,,,,,,,
Mangala,2026-07-01,,24,12,,,,,,,,,,,,,,,,,,,,,,,,,,,,
Mangala,2026-07-02,,24,12,,,,,,,,,,,,,,,,,,,,,,,,,,,,
Mangala,2026-07-03,,26,14,,,,,,,,,,,,,,,,,,,,,,,,,,,,
Mangala,2026-07-04,,26,14,,,,,,,,,,,,,,,,,,,,,,,,,,,,
Mangala,2026-07-05,,33,14,,,,,,,,,,,,,,,,,,,,,,,,,,,,
Mangala,2026-07-06,,39,20,,,,,,,,,,,,,,,,,,,,,,,,,,,,
Mangala,2026-07-07,,40,20,,,,,,,,,,,,,,,,,,,,,,,,,,,,
Mangala,2026-07-08,,43,23,,,,,,,,,,,,,,,,,,,,,,,,,,,,
Mangala,2026-07-09,,43,23,,,,,,,,,,,,,,,,,,,,,,,,,,,,
Mangala,2026-07-10,,50,29,,,,,,,,,,,,,,,,,,,,,,,,,,,,
Mangala,2026-07-11,,50,29,,,,,,,,,,,,,,,,,,,,,,,,,,,,
Mangobo,2026-07-10,,1,0,,,,,,,,,,,,,,,,,,,,,,,,,,,,
Mangobo,2026-07-11,,1,0,,,,,,,,,,,,,,,,,,,,,,,,,,,,
Manguredjipa,2026-05-29,,0,,,,,,,,,,,,,,,,,,10,,,,,,,,,,,
Manguredjipa,2026-05-30,,0,,,,,,,,,,,,,,,,,,,,,,,,,,,,,
Manguredjipa,2026-06-01,,ND,,,,,,,,,,,,,,,,ND,,,,,,,,,,,,,
Manguredjipa,2026-06-03,,ND,,,,,,,,,,,,,,,,,,,,,,,,,,,,,
Masereka,2026-06-10,,1,0,,,,,,,,,,,,,,,,,,,,,,,,,,,,
Masereka,2026-06-11,,1,1,,,,,,,,,,,,,,,,,,,,,,,,,,,,
Masereka,2026-06-13,,1,0,,,,,,,,,,,,,,,,,,,,,,,,,,,,
Masereka,2026-06-14,,1,0,,,,,,,,,,,,,,,,,,,,,,,,,,,,
Masereka,2026-06-15,,1,0,,,,,,,,,,,,,,,,,,,,,,,,,,,,
Masereka,2026-06-16,,1,,,,,,,,,,,,,,,,,,,,,,,,,,,,,
Masereka,2026-06-17,,1,0,,,,,,,,,,,,,,,,,,,,,,,,,,,,
Masereka,2026-06-18,,1,0,,,,,,,,,,,,,,,,,,,,,,,,,,,,
Masereka,2026-06-19,,1,0,,,,,,,,,,,,,,,,,,,,,,,,,,,,
Masereka,2026-06-20,,1,0,,,,,,,,,,,,,,,,,,,,,,,,,,,,
Masereka,2026-06-21,,1,0,,,,,,,,,,,,,,,,,,,,,,,,,,,,
Masereka,2026-06-22,,1,0,,,,,,,,,,,,,,,,,,,,,,,,,,,,
Masereka,2026-06-23,,1,0,,,,,,,,,,,,,,,,,,,,,,,,,,,,
Masereka,2026-06-24,,1,0,,,,,,,,,,,,,,,,,,,,,,,,,,,,
Masereka,2026-06-25,,1,0,,,,,,,,,,,,,,,,,,,,,,,,,,,,
Masereka,2026-06-29,,1,0,,,,,,,,,,,,,,,,,,,,,,,,,,,,
Masereka,2026-06-30,,1,0,,,,,,,,,,,,,,,,,,,,,,,,,,,,
Masereka,2026-07-01,,1,0,,,,,,,,,,,,,,,,,,,,,,,,,,,,
Masereka,2026-07-02,,1,0,,,,,,,,,,,,,,,,,,,,,,,,,,,,
Masereka,2026-07-03,,2,0,,,,,,,,,,,,,,,,,,,,,,,,,,,,
Masereka,2026-07-04,,2,0,,,,,,,,,,,,,,,,,,,,,,,,,,,,
Masereka,2026-07-05,,3,0,,,,,,,,,,,,,,,,,,,,,,,,,,,,
Masereka,2026-07-06,,3,0,,,,,,,,,,,,,,,,,,,,,,,,,,,,
Masereka,2026-07-07,,3,0,,,,,,,,,,,,,,,,,,,,,,,,,,,,
Masereka,2026-07-08,,3,0,,,,,,,,,,,,,,,,,,,,,,,,,,,,
Masereka,2026-07-09,,3,0,,,,,,,,,,,,,,,,,,,,,,,,,,,,
Masereka,2026-07-10,,3,0,,,,,,,,,,,,,,,,,,,,,,,,,,,,
Masereka,2026-07-11,,3,0,,,,,,,,,,,,,,,,,,,,,,,,,,,,
Miti Murhesa,2026-05-21,,1,0,,,1,0,,,,,,,,,,,1,,,,,,1,0,,,,,,
Miti Murhesa,2026-05-22,,1,0,,,1,0,,,,,,,,,,,0,,,,,,5,0,,,,,,
Miti Murhesa,2026-05-23,,1,0,,,1,0,,,,,,,,,,,ND,,,,,,ND,0,,,,,,
Miti Murhesa,2026-05-24,,1,0,,,1,0,,,,,,,,,,,0,,,,,,ND,0,,,,,,
Miti Murhesa,2026-05-25,,1,0,,,1,0,,,,,,,,,,,0,,,,,,0,0,,,,,,
Miti Murhesa,2026-05-26,,1,0,,,1,0,,,,,,,,,,,0,,,,,,0,0,,,,,,
Miti Murhesa,2026-05-27,,1,0,,,1,0,,,,,,,,,,,0,,,,,,ND,ND,,,,,,
Miti Murhesa,2026-05-28,,3,1,,,1,0,,,,,,,,,,,,,,,,,,,,,,,,
Miti Murhesa,2026-05-29,,3,1,,,1,0,,,,,,,,,,,2,,ND,,,,ND,ND,,,,,,
Miti Murhesa,2026-05-30,,3,1,,,1,0,,,,,,,,,,,,,,,,,,,,,,,,
Miti Murhesa,2026-06-01,,3,1,,,,,,,,,,,,,,,0,,,,,,,,,,,,,
Miti Murhesa,2026-06-02,,3,1,,,,,,,,,,,,,,,,,,,,,,,,,,,,
Miti Murhesa,2026-06-03,,3,1,,,,,,,,,,,,,,,,,,,,,,,,,,,,
Miti Murhesa,2026-06-04,,1,1,,,,,,,,,,,,,,,,,,,,,,,,,,,,
Miti Murhesa,2026-06-05,,3,1,,,,,,,,,,,,,,,,,,,,,,,,,,,,
Miti Murhesa,2026-06-06,,3,1,,,,,,,,,,,,,,,,,,,,,,,,,,,,
Miti Murhesa,2026-06-07,,3,1,,,,,,,,,,,,,,,,,,,,,,,,,,,,
Miti Murhesa,2026-06-08,,1,1,,,,,,,,,,,,,,,,,,,,,,,,,,,,
Miti Murhesa,2026-06-09,,3,1,,,,,,,,,,,,,,,,,,,,,,,,,,,,
Miti Murhesa,2026-06-10,,3,1,,,,,,,,,,,,,,,,,,,,,,,,,,,,
Miti Murhesa,2026-06-11,,3,1,,,,,,,,,,,,,,,,,,,,,,,,,,,,
Miti Murhesa,2026-06-13,,3,1,,,,,,,,,,,,,,,,,,,,,,,,,,,,
Miti Murhesa,2026-06-14,,3,1,,,,,,,,,,,,,,,,,,,,,,,,,,,,
Miti Murhesa,2026-06-15,,3,1,,,,,,,,,,,,,,,,,,,,,,,,,,,,
Miti Murhesa,2026-06-16,,3,,,,,,,,,,,,,,,,,,,,,,,,,,,,,
Miti Murhesa,2026-06-17,,3,1,,,,,,,,,,,,,,,,,,,,,,,,,,,,
Miti Murhesa,2026-06-18,,3,1,,,,,,,,,,,,,,,,,,,,,,,,,,,,
Miti Murhesa,2026-06-19,,3,1,,,,,,,,,,,,,,,,,,,,,,,,,,,,
Miti Murhesa,2026-06-20,,3,1,,,,,,,,,,,,,,,,,,,,,,,,,,,,
Miti Murhesa,2026-06-21,,3,1,,,,,,,,,,,,,,,,,,,,,,,,,,,,
Miti Murhesa,2026-06-22,,3,1,,,,,,,,,,,,,,,,,,,,,,,,,,,,
Miti Murhesa,2026-06-23,,,1,,,,,,,,,,,,,,,,,,,,,,,,,,,,
Miti Murhesa,2026-06-24,,3,1,,,,,,,,,,,,,,,,,,,,,,,,,,,,
Miti Murhesa,2026-06-25,,3,1,,,,,,,,,,,,,,,,,,,,,,,,,,,,
Miti Murhesa,2026-06-29,,3,1,,,,,,,,,,,,,,,,,,,,,,,,,,,,
Miti Murhesa,2026-06-30,,3,1,,,,,,,,,,,,,,,,,,,,,,,,,,,,
Miti Murhesa,2026-07-01,,3,1,,,,,,,,,,,,,,,,,,,,,,,,,,,,
Miti Murhesa,2026-07-02,,3,1,,,,,,,,,,,,,,,,,,,,,,,,,,,,
Miti Murhesa,2026-07-03,,3,1,,,,,,,,,,,,,,,,,,,,,,,,,,,,
Miti Murhesa,2026-07-04,,3,1,,,,,,,,,,,,,,,,,,,,,,,,,,,,
Miti Murhesa,2026-07-05,,3,1,,,,,,,,,,,,,,,,,,,,,,,,,,,,
Miti Murhesa,2026-07-06,,3,1,,,,,,,,,,,,,,,,,,,,,,,,,,,,
Miti Murhesa,2026-07-07,,3,1,,,,,,,,,,,,,,,,,,,,,,,,,,,,
Miti Murhesa,2026-07-08,,3,1,,,,,,,,,,,,,,,,,,,,,,,,,,,,
Miti Murhesa,2026-07-09,,3,1,,,,,,,,,,,,,,,,,,,,,,,,,,,,
Miti Murhesa,2026-07-10,,3,1,,,,,,,,,,,,,,,,,,,,,,,,,,,,
Miti-Murhesa,2026-07-11,,3,1,,,,,,,,,,,,,,,,,,,,,,,,,,,,
Mongbwalu,2026-05-14,ND,0,ND,ND,82,ND,57,,,,,,,,,,,0,ND,82,,,,ND,57,,,,,,
Mongbwalu,2026-05-15,ND,0,ND,3,ND,ND,ND,,,,,,,,,,,0,3,ND,,,,0,ND,,,,,,
Mongbwalu,2026-05-18,ND,1,ND,12,161,302,74,,,,,,,,,,,1,9,79,,,,56,17,,,,,,
Mongbwalu,2026-05-19,0,13,0,16,176,309,77,,,,,,,,,,,12,4,15,,,,7,3,,,,,,
Mongbwalu,2026-05-20,0,13,0,22,176,317,80,2,30.0,ND,,,,,,,,0,6,0,21.0,0.0,9.0,8,3,0,0,0,0,0,0
Mongbwalu,2026-05-21,0,14,0,23,176,322,84,1,36.0,ND,,,,,,,,1,1,0,27.0,0.0,9.0,5,4,0,0,0,0,0,0
Mongbwalu,2026-05-22,46,10,0,30,222,339,88,ND,34.0,30,,,,,,,,0,7,46,4.0,0.0,4.0,17,4,ND,ND,ND,ND,ND,ND
Mongbwalu,2026-05-23,ND,19,0,30,222,339,88,18,31.0,28,,,,,,,,9,ND,0,3.0,0.0,3.0,ND,0,ND,ND,ND,ND,ND,ND
Mongbwalu,2026-05-24,ND,19,0,ND,222,339,88,0,18.0,13,,,,,,,,0,ND,0,5.0,0.0,5.0,ND,0,,,,,,
Mongbwalu,2026-05-25,,19,0,,222,364,88,,,,,,,,,,,0,,0,,,,25,0,,,,,,
Mongbwalu,2026-05-26,,20,0,,222,375,88,,,,,,,,,,,1,,0,,,,11,0,,,,,,
Mongbwalu,2026-05-27,,20,0,,222,339,88,0,,,,,,,,,,0,,0,10.0,1.0,1.0,ND,ND,,,,,,
Mongbwalu,2026-05-28,,47,10,,222,346,88,,,,,,,,,,,,,ND,,,,,,,,,,,
Mongbwalu,2026-05-29,,47,10,,222,346,88,3,11.0,12,,,,,,,,8,,235,,0.0,,7,0,,,,,,
Mongbwalu,2026-05-30,,47,10,,222,346,88,2,22.0,11,,,,,,,,,,ND,,0.0,,,,,,,,,
Mongbwalu,2026-06-01,,47,10,,,,,,,,,,,,,,,11,,,,,,,,,,,,,
Mongbwalu,2026-06-02,,47,10,,,,,,,,,,,,,,,,,,,,,,,,,,,,
Mongbwalu,2026-06-03,,47,10,,,,,,,,,,,,,,,,,,,,,,,,,,,,
Mongbwalu,2026-06-04,,64,21,,,,,,,,,,,,,,,,,,,,,,,,,,,,
Mongbwalu,2026-06-05,,74,21,,,,,,,,,,,,,,,,,,,,,,,,,,,,
Mongbwalu,2026-06-06,,92,25,,,,,,,,,,,,,,,,,,,,,,,,,,,,
Mongbwalu,2026-06-07,,98,29,,,,,,,,,,,,,,,,,,,,,,,,,,,,
Mongbwalu,2026-06-08,,114,40,,,,,,,,,,,,,,,,,,,,,,,,,,,,
Mongbwalu,2026-06-09,,127,47,,,,,,,,,,,,,,,,,,,,,,,,,,,,
Mongbwalu,2026-06-10,,132,49,,,,,,,,,,,,,,,,,,,,,,,,,,,,
Mongbwalu,2026-06-11,,136,52,,,,,,,,,,,,,,,,,,,,,,,,,,,,
Mongbwalu,2026-06-13,,164,73,,,,,,,,,,,,,,,,,,,,,,,,,,,,
Mongbwalu,2026-06-14,,175,80,,,,,,,,,,,,,,,,,,,,,,,,,,,,
Mongbwalu,2026-06-15,,185,83,,,,,,,,,,,,,,,,,,,,,,,,,,,,
Mongbwalu,2026-06-16,,189,,,,,,,,,,,,,,,,,,,,,,,,,,,,,
Mongbwalu,2026-06-17,,189,83,,,,,,,,,,,,,,,,,,,,,,,,,,,,
Mongbwalu,2026-06-18,,198,87,,,,,,,,,,,,,,,,,,,,,,,,,,,,
Mongbwalu,2026-06-19,,209,89,,,,,,,,,,,,,,,,,,,,,,,,,,,,
Mongbwalu,2026-06-20,,220,91,,,,,,,,,,,,,,,,,,,,,,,,,,,,
Mongbwalu,2026-06-21,,229,96,,,,,,,,,,,,,,,,,,,,,,,,,,,,
Mongbwalu,2026-06-22,,237,100,,,,,,,,,,,,,,,,,,,,,,,,,,,,
Mongbwalu,2026-06-23,,241,103,,,,,,,,,,,,,,,,,,,,,,,,,,,,
Mongbwalu,2026-06-24,,245,105,,,,,,,,,,,,,,,,,,,,,,,,,,,,
Mongbwalu,2026-06-25,,250,109,,,,,,,,,,,,,,,,,,,,,,,,,,,,
Mongbwalu,2026-06-29,,258,123,,,,,,,,,,,,,,,,,,,,,,,,,,,,
Mongbwalu,2026-06-30,,264,126,,,,,,,,,,,,,,,,,,,,,,,,,,,,
Mongbwalu,2026-07-01,,270,127,,,,,,,,,,,,,,,,,,,,,,,,,,,,
Mongbwalu,2026-07-02,,273,136,,,,,,,,,,,,,,,,,,,,,,,,,,,,
Mongbwalu,2026-07-03,,276,139,,,,,,,,,,,,,,,,,,,,,,,,,,,,
Mongbwalu,2026-07-04,,278,141,,,,,,,,,,,,,,,,,,,,,,,,,,,,
Mongbwalu,2026-07-05,,288,149,,,,,,,,,,,,,,,,,,,,,,,,,,,,
Mongbwalu,2026-07-06,,298,154,,,,,,,,,,,,,,,,,,,,,,,,,,,,
Mongbwalu,2026-07-07,,310,165,,,,,,,,,,,,,,,,,,,,,,,,,,,,
Mongbwalu,2026-07-08,,315,167,,,,,,,,,,,,,,,,,,,,,,,,,,,,
Mongbwalu,2026-07-09,,327,170,,,,,,,,,,,,,,,,,,,,,,,,,,,,
Mongbwalu,2026-07-10,,329,171,,,,,,,,,,,,,,,,,,,,,,,,,,,,
Mongbwalu,2026-07-11,,336,177,,,,,,,,,,,,,,,,,,,,,,,,,,,,
Musienene,2026-06-16,,1,,,,,,,,,,,,,,,,,,,,,,,,,,,,,
Musienene,2026-06-17,,1,1,,,,,,,,,,,,,,,,,,,,,,,,,,,,
Musienene,2026-06-18,,1,1,,,,,,,,,,,,,,,,,,,,,,,,,,,,
Musienene,2026-06-19,,1,1,,,,,,,,,,,,,,,,,,,,,,,,,,,,
Musienene,2026-06-20,,1,1,,,,,,,,,,,,,,,,,,,,,,,,,,,,
Musienene,2026-06-21,,2,1,,,,,,,,,,,,,,,,,,,,,,,,,,,,
Musienene,2026-06-22,,2,1,,,,,,,,,,,,,,,,,,,,,,,,,,,,
Musienene,2026-06-23,,2,2,,,,,,,,,,,,,,,,,,,,,,,,,,,,
Musienene,2026-06-24,,2,2,,,,,,,,,,,,,,,,,,,,,,,,,,,,
Musienene,2026-06-25,,2,2,,,,,,,,,,,,,,,,,,,,,,,,,,,,
Musienene,2026-06-29,,3,2,,,,,,,,,,,,,,,,,,,,,,,,,,,,
Musienene,2026-06-30,,3,2,,,,,,,,,,,,,,,,,,,,,,,,,,,,
Musienene,2026-07-01,,3,2,,,,,,,,,,,,,,,,,,,,,,,,,,,,
Musienene,2026-07-02,,3,2,,,,,,,,,,,,,,,,,,,,,,,,,,,,
Musienene,2026-07-03,,4,2,,,,,,,,,,,,,,,,,,,,,,,,,,,,
Musienene,2026-07-04,,6,2,,,,,,,,,,,,,,,,,,,,,,,,,,,,
Musienene,2026-07-05,,8,2,,,,,,,,,,,,,,,,,,,,,,,,,,,,
Musienene,2026-07-06,,8,2,,,,,,,,,,,,,,,,,,,,,,,,,,,,
Musienene,2026-07-07,,8,2,,,,,,,,,,,,,,,,,,,,,,,,,,,,
Musienene,2026-07-08,,8,2,,,,,,,,,,,,,,,,,,,,,,,,,,,,
Musienene,2026-07-09,,9,2,,,,,,,,,,,,,,,,,,,,,,,,,,,,
Musienene,2026-07-10,,9,2,,,,,,,,,,,,,,,,,,,,,,,,,,,,
Musienene,2026-07-11,,10,2,,,,,,,,,,,,,,,,,,,,,,,,,,,,
Nia Nia,2026-06-13,,1,1,,,,,,,,,,,,,,,,,,,,,,,,,,,,
Nia Nia,2026-06-14,,1,1,,,,,,,,,,,,,,,,,,,,,,,,,,,,
Nia Nia,2026-06-15,,1,1,,,,,,,,,,,,,,,,,,,,,,,,,,,,
Nia Nia,2026-06-16,,1,,,,,,,,,,,,,,,,,,,,,,,,,,,,,
Nia Nia,2026-06-17,,1,1,,,,,,,,,,,,,,,,,,,,,,,,,,,,
Nia Nia,2026-06-18,,1,1,,,,,,,,,,,,,,,,,,,,,,,,,,,,
Nia Nia,2026-06-19,,1,1,,,,,,,,,,,,,,,,,,,,,,,,,,,,
Nia Nia,2026-06-20,,1,1,,,,,,,,,,,,,,,,,,,,,,,,,,,,
Nia Nia,2026-06-21,,2,2,,,,,,,,,,,,,,,,,,,,,,,,,,,,
Nia Nia,2026-06-22,,2,2,,,,,,,,,,,,,,,,,,,,,,,,,,,,
Nia Nia,2026-06-23,,5,3,,,,,,,,,,,,,,,,,,,,,,,,,,,,
Nia Nia,2026-06-24,,5,3,,,,,,,,,,,,,,,,,,,,,,,,,,,,
Nia Nia,2026-06-25,,5,3,,,,,,,,,,,,,,,,,,,,,,,,,,,,
Nia Nia,2026-06-29,,11,5,,,,,,,,,,,,,,,,,,,,,,,,,,,,
Nia Nia,2026-06-30,,12,5,,,,,,,,,,,,,,,,,,,,,,,,,,,,
Nia Nia,2026-07-01,,12,5,,,,,,,,,,,,,,,,,,,,,,,,,,,,
Nia Nia,2026-07-02,,12,5,,,,,,,,,,,,,,,,,,,,,,,,,,,,
Nia Nia,2026-07-03,,12,5,,,,,,,,,,,,,,,,,,,,,,,,,,,,
Nia Nia,2026-07-04,,12,5,,,,,,,,,,,,,,,,,,,,,,,,,,,,
Nia Nia,2026-07-05,,20,5,,,,,,,,,,,,,,,,,,,,,,,,,,,,
Nia Nia,2026-07-06,,33,12,,,,,,,,,,,,,,,,,,,,,,,,,,,,
Nia Nia,2026-07-07,,35,13,,,,,,,,,,,,,,,,,,,,,,,,,,,,
Nia Nia,2026-07-08,,35,13,,,,,,,,,,,,,,,,,,,,,,,,,,,,
Nia Nia,2026-07-09,,35,13,,,,,,,,,,,,,,,,,,,,,,,,,,,,
Nia Nia,2026-07-10,,35,13,,,,,,,,,,,,,,,,,,,,,,,,,,,,
Nia-Nia,2026-07-11,,36,12,,,,,,,,,,,,,,,,,,,,,,,,,,,,
Nizi,2026-05-20,,,,,,,,,,,,,,,,,,,,,,,,,,0,0,0,0,0,0
Nizi,2026-05-21,ND,1,0,ND,0,1,0,,,,,,,,,,,1,ND,0,,,,1,0,0,0,0,0,0,0
Nizi,2026-05-22,ND,2,0,1,0,5,1,,,,,,,,,,,1,1,0,,,,4,1,ND,ND,0,0,ND,ND
Nizi,2026-05-23,15,2,0,1,22,6,2,,,,,,,,,,,0,0,7,,,,1,1,ND,ND,0,0,ND,ND
Nizi,2026-05-24,ND,2,0,ND,22,6,2,,,,,,,,,,,0,ND,0,,,,1,0,,,,,,
Nizi,2026-05-25,,2,,,22,9,2,,,,,,,,,,,0,,0,,,,3,0,,,,,,
Nizi,2026-05-26,,2,0,,22,15,2,,,,,,,,,,,0,,0,,,,6,0,,,,,,
Nizi,2026-05-27,,2,0,,220,6,2,,,,,,,,,,,0,,ND,,,,ND,ND,,,,,,
Nizi,2026-05-28,,2,0,,220,6,2,,,,,,,,,,,,,ND,,,,,,,,,,,
Nizi,2026-05-29,,2,0,,260,6,2,,,,,,,,,,,0,,288,,,,ND,ND,,,,,,
Nizi,2026-05-30,,2,0,,260,6,2,,,,,,,,,,,,,ND,,,,,,,,,,,
Nizi,2026-06-01,,2,0,,,,,,,,,,,,,,,0,,,,,,,,,,,,,
Nizi,2026-06-02,,2,0,,,,,,,,,,,,,,,,,,,,,,,,,,,,
Nizi,2026-06-03,,2,0,,,,,,,,,,,,,,,,,,,,,,,,,,,,
Nizi,2026-06-04,,5,0,,,,,,,,,,,,,,,,,,,,,,,,,,,,
Nizi,2026-06-05,,5,0,,,,,,,,,,,,,,,,,,,,,,,,,,,,
Nizi,2026-06-06,,5,0,,,,,,,,,,,,,,,,,,,,,,,,,,,,
Nizi,2026-06-07,,5,0,,,,,,,,,,,,,,,,,,,,,,,,,,,,
Nizi,2026-06-08,,5,0,,,,,,,,,,,,,,,,,,,,,,,,,,,,
Nizi,2026-06-09,,5,0,,,,,,,,,,,,,,,,,,,,,,,,,,,,
Nizi,2026-06-10,,7,0,,,,,,,,,,,,,,,,,,,,,,,,,,,,
Nizi,2026-06-11,,9,1,,,,,,,,,,,,,,,,,,,,,,,,,,,,
Nizi,2026-06-13,,11,1,,,,,,,,,,,,,,,,,,,,,,,,,,,,
Nizi,2026-06-14,,11,1,,,,,,,,,,,,,,,,,,,,,,,,,,,,
Nizi,2026-06-15,,16,1,,,,,,,,,,,,,,,,,,,,,,,,,,,,
Nizi,2026-06-16,,16,,,,,,,,,,,,,,,,,,,,,,,,,,,,,
Nizi,2026-06-17,,25,5,,,,,,,,,,,,,,,,,,,,,,,,,,,,
Nizi,2026-06-18,,26,5,,,,,,,,,,,,,,,,,,,,,,,,,,,,
Nizi,2026-06-19,,26,5,,,,,,,,,,,,,,,,,,,,,,,,,,,,
Nizi,2026-06-20,,26,5,,,,,,,,,,,,,,,,,,,,,,,,,,,,
Nizi,2026-06-21,,26,5,,,,,,,,,,,,,,,,,,,,,,,,,,,,
Nizi,2026-06-22,,30,6,,,,,,,,,,,,,,,,,,,,,,,,,,,,
Nizi,2026-06-23,,30,6,,,,,,,,,,,,,,,,,,,,,,,,,,,,
Nizi,2026-06-24,,30,6,,,,,,,,,,,,,,,,,,,,,,,,,,,,
Nizi,2026-06-25,,32,6,,,,,,,,,,,,,,,,,,,,,,,,,,,,
Nizi,2026-06-29,,41,9,,,,,,,,,,,,,,,,,,,,,,,,,,,,
Nizi,2026-06-30,,61,19,,,,,,,,,,,,,,,,,,,,,,,,,,,,
Nizi,2026-07-01,,65,19,,,,,,,,,,,,,,,,,,,,,,,,,,,,
Nizi,2026-07-02,,65,19,,,,,,,,,,,,,,,,,,,,,,,,,,,,
Nizi,2026-07-03,,65,19,,,,,,,,,,,,,,,,,,,,,,,,,,,,
Nizi,2026-07-04,,72,19,,,,,,,,,,,,,,,,,,,,,,,,,,,,
Nizi,2026-07-05,,78,19,,,,,,,,,,,,,,,,,,,,,,,,,,,,
Nizi,2026-07-06,,84,24,,,,,,,,,,,,,,,,,,,,,,,,,,,,
Nizi,2026-07-07,,94,28,,,,,,,,,,,,,,,,,,,,,,,,,,,,
Nizi,2026-07-08,,104,36,,,,,,,,,,,,,,,,,,,,,,,,,,,,
Nizi,2026-07-09,,107,36,,,,,,,,,,,,,,,,,,,,,,,,,,,,
Nizi,2026-07-10,,110,36,,,,,,,,,,,,,,,,,,,,,,,,,,,,
Nizi,2026-07-11,,121,47,,,,,,,,,,,,,,,,,,,,,,,,,,,,
Nyankunde,2026-05-18,ND,4,ND,3,133,14,1,,,,,,,,,,,4,3,133,,,,14,1,,,,,,
Nyankunde,2026-05-19,0,4,0,8,133,19,5,,,,,,,,,,,0,5,0,,,,5,4,,,,,,
Nyankunde,2026-05-20,0,5,0,17,133,28,5,0,16.0,ND,,,,,,,,1,9,0,15.0,1.0,0.0,9,0,0,0,0,0,0,0
Nyankunde,2026-05-21,207,11,0,26,340,38,6,0,23.0,ND,,,,,,,,2,9,207,16.0,7.0,0.0,9,1,0,0,0,0,0,0
Nyankunde,2026-05-22,234,9,0,6,365,45,8,ND,24.0,22,,,,,,,,0,6,25,2.0,1.0,1.0,7,2,ND,ND,ND,ND,ND,ND
Nyankunde,2026-05-23,ND,9,0,6,365,45,8,0,33.0,26,,,,,,,,0,ND,0,7.0,3.0,4.0,ND,0,ND,ND,ND,ND,ND,ND
Nyankunde,2026-05-24,ND,9,0,ND,365,45,11,0,33.0,33,,,,,,,,0,ND,0,0.0,0.0,0.0,ND,0,,,,,,
Nyankunde,2026-05-25,,9,0,,365,66,15,,,,,,,,,,,0,,0,,,,21,4,,,,,,
Nyankunde,2026-05-26,,10,0,,365,70,15,,,,,,,,,,,1,,0,,,,4,0,,,,,,
Nyankunde,2026-05-27,,10,0,,397,45,11,0,,,,,,,,,,0,,32,39.0,0.0,0.0,ND,ND,,,,,,
Nyankunde,2026-05-28,,19,1,,397,52,12,,,,,,,,,,,,,ND,,,,,,,,,,,
Nyankunde,2026-05-29,,19,1,,743,52,12,0,38.0,38,,,,,,,,2,,435,,0.0,,7,1,,,,,,
Nyankunde,2026-05-30,,19,1,,743,52,12,2,44.0,41,,,,,,,,,,ND,,0.0,,,,,,,,,
Nyankunde,2026-06-01,,19,1,,,,,,,,,,,,,,,0,,,,,,,,,,,,,
Nyankunde,2026-06-02,,22,1,,,,,,,,,,,,,,,,,,,,,,,,,,,,
Nyankunde,2026-06-03,,22,1,,,,,,,,,,,,,,,,,,,,,,,,,,,,
Nyankunde,2026-06-04,,22,1,,,,,,,,,,,,,,,,,,,,,,,,,,,,
Nyankunde,2026-06-05,,24,1,,,,,,,,,,,,,,,,,,,,,,,,,,,,
Nyankunde,2026-06-06,,24,1,,,,,,,,,,,,,,,,,,,,,,,,,,,,
Nyankunde,2026-06-07,,26,1,,,,,,,,,,,,,,,,,,,,,,,,,,,,
Nyankunde,2026-06-08,,32,1,,,,,,,,,,,,,,,,,,,,,,,,,,,,
Nyankunde,2026-06-09,,32,1,,,,,,,,,,,,,,,,,,,,,,,,,,,,
Nyankunde,2026-06-10,,33,1,,,,,,,,,,,,,,,,,,,,,,,,,,,,
Nyankunde,2026-06-11,,33,1,,,,,,,,,,,,,,,,,,,,,,,,,,,,
Nyankunde,2026-06-13,,38,4,,,,,,,,,,,,,,,,,,,,,,,,,,,,
Nyankunde,2026-06-14,,42,4,,,,,,,,,,,,,,,,,,,,,,,,,,,,
Nyankunde,2026-06-15,,45,4,,,,,,,,,,,,,,,,,,,,,,,,,,,,
Nyankunde,2026-06-16,,45,,,,,,,,,,,,,,,,,,,,,,,,,,,,,
Nyankunde,2026-06-17,,68,6,,,,,,,,,,,,,,,,,,,,,,,,,,,,
Nyankunde,2026-06-18,,77,7,,,,,,,,,,,,,,,,,,,,,,,,,,,,
Nyankunde,2026-06-19,,79,7,,,,,,,,,,,,,,,,,,,,,,,,,,,,
Nyankunde,2026-06-20,,79,7,,,,,,,,,,,,,,,,,,,,,,,,,,,,
Nyankunde,2026-06-21,,86,9,,,,,,,,,,,,,,,,,,,,,,,,,,,,
Nyankunde,2026-06-22,,86,9,,,,,,,,,,,,,,,,,,,,,,,,,,,,
Nyankunde,2026-06-23,,86,9,,,,,,,,,,,,,,,,,,,,,,,,,,,,
Nyankunde,2026-06-24,,91,10,,,,,,,,,,,,,,,,,,,,,,,,,,,,
Nyankunde,2026-06-25,,,11,,,,,,,,,,,,,,,,,,,,,,,,,,,,
Nyankunde,2026-06-29,,94,15,,,,,,,,,,,,,,,,,,,,,,,,,,,,
Nyankunde,2026-06-30,,95,16,,,,,,,,,,,,,,,,,,,,,,,,,,,,
Nyankunde,2026-07-01,,95,16,,,,,,,,,,,,,,,,,,,,,,,,,,,,
Nyankunde,2026-07-02,,95,16,,,,,,,,,,,,,,,,,,,,,,,,,,,,
Nyankunde,2026-07-03,,95,17,,,,,,,,,,,,,,,,,,,,,,,,,,,,
Nyankunde,2026-07-04,,95,17,,,,,,,,,,,,,,,,,,,,,,,,,,,,
Nyankunde,2026-07-05,,96,19,,,,,,,,,,,,,,,,,,,,,,,,,,,,
Nyankunde,2026-07-06,,96,20,,,,,,,,,,,,,,,,,,,,,,,,,,,,
Nyankunde,2026-07-07,,97,20,,,,,,,,,,,,,,,,,,,,,,,,,,,,
Nyankunde,2026-07-08,,97,22,,,,,,,,,,,,,,,,,,,,,,,,,,,,
Nyankunde,2026-07-09,,97,22,,,,,,,,,,,,,,,,,,,,,,,,,,,,
Nyankunde,2026-07-10,,97,23,,,,,,,,,,,,,,,,,,,,,,,,,,,,
Nyankunde,2026-07-11,,99,25,,,,,,,,,,,,,,,,,,,,,,,,,,,,
Nyankunde,,,93,,,,,,,,,,,,,,,,,,,,,,,,,,,,,
Oicha,2026-05-24,,1,,,,,,,,,,,,,,,,1,,,,,,ND,0,,,,,,
Oicha,2026-05-25,,1,,,,ND,0,,,,,,,,,,,0,,,,,,ND,0,,,,,,
Oicha,2026-05-26,,1,,,,8,0,,,,,,,,,,,0,,,,,,8,0,,,,,,
Oicha,2026-05-27,,2,,,,0,0,,,,,,,,,,,1,,,,,,ND,ND,,,,,,
Oicha,2026-05-28,,1,0,,,0,0,,,,,,,,,,,,,,,,,,,,,,,,
Oicha,2026-05-29,,1,0,,,0,0,,,,,,,,,,,ND,,32,,,,ND,ND,,,,,,
Oicha,2026-05-30,,1,0,,,0,0,,,,,,,,,,,,,,,,,,,,,,,,
Oicha,2026-06-01,,2,2,,,,,,,,,,,,,,,1,,,,,,,,,,,,,
Oicha,2026-06-02,,2,2,,,,,,,,,,,,,,,,,,,,,,,,,,,,
Oicha,2026-06-03,,2,2,,,,,,,,,,,,,,,,,,,,,,,,,,,,
Oicha,2026-06-04,,2,2,,,,,,,,,,,,,,,,,,,,,,,,,,,,
Oicha,2026-06-05,,2,2,,,,,,,,,,,,,,,,,,,,,,,,,,,,
Oicha,2026-06-06,,2,2,,,,,,,,,,,,,,,,,,,,,,,,,,,,
Oicha,2026-06-07,,2,2,,,,,,,,,,,,,,,,,,,,,,,,,,,,
Oicha,2026-06-08,,2,2,,,,,,,,,,,,,,,,,,,,,,,,,,,,
Oicha,2026-06-09,,2,2,,,,,,,,,,,,,,,,,,,,,,,,,,,,
Oicha,2026-06-10,,2,2,,,,,,,,,,,,,,,,,,,,,,,,,,,,
Oicha,2026-06-11,,2,2,,,,,,,,,,,,,,,,,,,,,,,,,,,,
Oicha,2026-06-13,,2,2,,,,,,,,,,,,,,,,,,,,,,,,,,,,
Oicha,2026-06-14,,2,2,,,,,,,,,,,,,,,,,,,,,,,,,,,,
Oicha,2026-06-15,,2,2,,,,,,,,,,,,,,,,,,,,,,,,,,,,
Oicha,2026-06-16,,3,,,,,,,,,,,,,,,,,,,,,,,,,,,,,
Oicha,2026-06-17,,3,2,,,,,,,,,,,,,,,,,,,,,,,,,,,,
Oicha,2026-06-18,,3,2,,,,,,,,,,,,,,,,,,,,,,,,,,,,
Oicha,2026-06-19,,3,2,,,,,,,,,,,,,,,,,,,,,,,,,,,,
Oicha,2026-06-20,,3,2,,,,,,,,,,,,,,,,,,,,,,,,,,,,
Oicha,2026-06-21,,3,2,,,,,,,,,,,,,,,,,,,,,,,,,,,,
Oicha,2026-06-22,,3,2,,,,,,,,,,,,,,,,,,,,,,,,,,,,
Oicha,2026-06-23,,3,2,,,,,,,,,,,,,,,,,,,,,,,,,,,,
Oicha,2026-06-24,,3,2,,,,,,,,,,,,,,,,,,,,,,,,,,,,
Oicha,2026-06-25,,3,2,,,,,,,,,,,,,,,,,,,,,,,,,,,,
Oicha,2026-06-29,,3,2,,,,,,,,,,,,,,,,,,,,,,,,,,,,
Oicha,2026-06-30,,3,2,,,,,,,,,,,,,,,,,,,,,,,,,,,,
Oicha,2026-07-01,,3,2,,,,,,,,,,,,,,,,,,,,,,,,,,,,
Oicha,2026-07-02,,3,2,,,,,,,,,,,,,,,,,,,,,,,,,,,,
Oicha,2026-07-03,,3,2,,,,,,,,,,,,,,,,,,,,,,,,,,,,
Oicha,2026-07-04,,3,2,,,,,,,,,,,,,,,,,,,,,,,,,,,,
Oicha,2026-07-05,,3,2,,,,,,,,,,,,,,,,,,,,,,,,,,,,
Oicha,2026-07-06,,3,2,,,,,,,,,,,,,,,,,,,,,,,,,,,,
Oicha,2026-07-07,,3,2,,,,,,,,,,,,,,,,,,,,,,,,,,,,
Oicha,2026-07-08,,3,2,,,,,,,,,,,,,,,,,,,,,,,,,,,,
Oicha,2026-07-09,,3,2,,,,,,,,,,,,,,,,,,,,,,,,,,,,
Oicha,2026-07-10,,3,2,,,,,,,,,,,,,,,,,,,,,,,,,,,,
Oicha,2026-07-11,,3,2,,,,,,,,,,,,,,,,,,,,,,,,,,,,
Rimba,2026-05-26,,0,,,,14,4,,,,,,,,,,,0,,,,,,14,4,,,,,,
Rimba,2026-05-27,,0,,,,ND,ND,,,,,,,,,,,ND,,,,,,ND,ND,,,,,,
Rimba,2026-05-28,,,,,,ND,ND,,,,,,,,,,,,,,,,,,,,,,,,
Rimba,2026-05-29,,,,,,ND,ND,,,,,,,,,,,,,,,,,,,,,,,,
Rimba,2026-05-30,,,,,,ND,ND,,,,,,,,,,,,,,,,,,,,,,,,
Rimba,2026-06-02,,3,0,,,,,,,,,,,,,,,,,,,,,,,,,,,,
Rimba,2026-06-04,,3,0,,,,,,,,,,,,,,,,,,,,,,,,,,,,
Rimba,2026-06-05,,3,0,,,,,,,,,,,,,,,,,,,,,,,,,,,,
Rimba,2026-06-06,,3,0,,,,,,,,,,,,,,,,,,,,,,,,,,,,
Rimba,2026-06-07,,3,0,,,,,,,,,,,,,,,,,,,,,,,,,,,,
Rimba,2026-06-08,,3,0,,,,,,,,,,,,,,,,,,,,,,,,,,,,
Rimba,2026-06-09,,3,0,,,,,,,,,,,,,,,,,,,,,,,,,,,,
Rimba,2026-06-10,,3,0,,,,,,,,,,,,,,,,,,,,,,,,,,,,
Rimba,2026-06-11,,3,0,,,,,,,,,,,,,,,,,,,,,,,,,,,,
Rimba,2026-06-13,,3,0,,,,,,,,,,,,,,,,,,,,,,,,,,,,
Rimba,2026-06-14,,3,0,,,,,,,,,,,,,,,,,,,,,,,,,,,,
Rimba,2026-06-15,,3,0,,,,,,,,,,,,,,,,,,,,,,,,,,,,
Rimba,2026-06-16,,3,,,,,,,,,,,,,,,,,,,,,,,,,,,,,
Rimba,2026-06-17,,3,0,,,,,,,,,,,,,,,,,,,,,,,,,,,,
Rimba,2026-06-18,,3,0,,,,,,,,,,,,,,,,,,,,,,,,,,,,
Rimba,2026-06-19,,3,0,,,,,,,,,,,,,,,,,,,,,,,,,,,,
Rimba,2026-06-20,,3,0,,,,,,,,,,,,,,,,,,,,,,,,,,,,
Rimba,2026-06-21,,3,0,,,,,,,,,,,,,,,,,,,,,,,,,,,,
Rimba,2026-06-22,,3,0,,,,,,,,,,,,,,,,,,,,,,,,,,,,
Rimba,2026-06-23,,3,0,,,,,,,,,,,,,,,,,,,,,,,,,,,,
Rimba,2026-06-24,,3,0,,,,,,,,,,,,,,,,,,,,,,,,,,,,
Rimba,2026-06-25,,3,0,,,,,,,,,,,,,,,,,,,,,,,,,,,,
Rimba,2026-06-29,,3,0,,,,,,,,,,,,,,,,,,,,,,,,,,,,
Rimba,2026-06-30,,3,0,,,,,,,,,,,,,,,,,,,,,,,,,,,,
Rimba,2026-07-01,,3,0,,,,,,,,,,,,,,,,,,,,,,,,,,,,
Rimba,2026-07-02,,3,0,,,,,,,,,,,,,,,,,,,,,,,,,,,,
Rimba,2026-07-03,,3,0,,,,,,,,,,,,,,,,,,,,,,,,,,,,
Rimba,2026-07-04,,3,0,,,,,,,,,,,,,,,,,,,,,,,,,,,,
Rimba,2026-07-05,,4,0,,,,,,,,,,,,,,,,,,,,,,,,,,,,
Rimba,2026-07-06,,4,0,,,,,,,,,,,,,,,,,,,,,,,,,,,,
Rimba,2026-07-07,,4,0,,,,,,,,,,,,,,,,,,,,,,,,,,,,
Rimba,2026-07-08,,4,0,,,,,,,,,,,,,,,,,,,,,,,,,,,,
Rimba,2026-07-09,,4,0,,,,,,,,,,,,,,,,,,,,,,,,,,,,
Rimba,2026-07-10,,4,0,,,,,,,,,,,,,,,,,,,,,,,,,,,,
Rumba,2026-07-11,,4,0,,,,,,,,,,,,,,,,,,,,,,,,,,,,
Rwampara,2026-05-15,ND,13,ND,5,ND,72,ND,,,,,,,,,,,13,5,ND,,,,72,ND,,,,,,
Rwampara,2026-05-18,ND,19,ND,51,120,136,38,,,,,,,,,,,6,46,120,,,,64,38,,,,,,
Rwampara,2026-05-19,78,25,0,44,335,154,43,,,,,,,,,,,4,13,215,,,,18,5,,,,,,
Rwampara,2026-05-20,83,24,0,69,621,179,44,1,54.0,ND,,,,,,,,3,25,286,37.0,5.0,12.0,25,1,102,102,0,0,102,102
Rwampara,2026-05-21,0,31,1,81,621,193,51,0,88.0,ND,,,,,,,,7,12,0,76.0,0.0,12.0,14,7,940,940,0,0,940,940
Rwampara,2026-05-22,ND,32,2,132,621,221,63,ND,45.0,34,,,,,,,,1,8,0,11.0,1.0,10.0,28,12,2996,3152,156,156,3152,2996
Rwampara,2026-05-23,ND,32,2,92,621,228,69,0,25.0,21,,,,,,,,0,3,0,4.0,2.0,2.0,7,6,2996,3152,156,156,3152,2996
Rwampara,2026-05-24,ND,32,2,ND,621,228,69,2,25.0,19,,,,,,,,0,ND,0,6.0,2.0,4.0,ND,0,,,,,,
Rwampara,2026-05-25,,32,2,,621,240,75,,,,,,,,,,,0,,0,,,,12,6,,,,,,
Rwampara,2026-05-26,,33,2,,621,240,75,,,,,,,,,,,1,,0,,,,0,0,,,,,,
Rwampara,2026-05-27,,33,2,,697,228,69,0,,,,,,,,,,0,,76,8.0,0.0,2.0,ND,ND,,,,,,
Rwampara,2026-05-28,,65,13,,697,241,71,,,,,,,,,,,,,ND,,,,,,,,,,,
Rwampara,2026-05-29,,65,13,,697,241,71,0,13.0,9,,,,,,,,12,,766,,1.0,,13,2,,,,,,
Rwampara,2026-05-30,,65,13,,697,241,71,0,19.0,14,,,,,,,,,,ND,,0.0,,,,,,,,,
Rwampara,2026-06-01,,65,13,,,,,,,,,,,,,,,3,,,,,,,,,,,,,
Rwampara,2026-06-02,,72,15,,,,,,,,,,,,,,,,,,,,,,,,,,,,
Rwampara,2026-06-03,,76,16,,,,,,,,,,,,,,,,,,,,,,,,,,,,
Rwampara,2026-06-04,,86,18,,,,,,,,,,,,,,,,,,,,,,,,,,,,
Rwampara,2026-06-05,,93,19,,,,,,,,,,,,,,,,,,,,,,,,,,,,
Rwampara,2026-06-06,,98,19,,,,,,,,,,,,,,,,,,,,,,,,,,,,
Rwampara,2026-06-07,,111,20,,,,,,,,,,,,,,,,,,,,,,,,,,,,
Rwampara,2026-06-08,,122,20,,,,,,,,,,,,,,,,,,,,,,,,,,,,
Rwampara,2026-06-09,,133,25,,,,,,,,,,,,,,,,,,,,,,,,,,,,
Rwampara,2026-06-10,,137,25,,,,,,,,,,,,,,,,,,,,,,,,,,,,
Rwampara,2026-06-11,,142,26,,,,,,,,,,,,,,,,,,,,,,,,,,,,
Rwampara,2026-06-13,,149,27,,,,,,,,,,,,,,,,,,,,,,,,,,,,
Rwampara,2026-06-14,,152,27,,,,,,,,,,,,,,,,,,,,,,,,,,,,
Rwampara,2026-06-15,,192,27,,,,,,,,,,,,,,,,,,,,,,,,,,,,
Rwampara,2026-06-16,,172,,,,,,,,,,,,,,,,,,,,,,,,,,,,,
Rwampara,2026-06-17,,195,33,,,,,,,,,,,,,,,,,,,,,,,,,,,,
Rwampara,2026-06-18,,199,35,,,,,,,,,,,,,,,,,,,,,,,,,,,,
Rwampara,2026-06-19,,201,35,,,,,,,,,,,,,,,,,,,,,,,,,,,,
Rwampara,2026-06-20,,211,35,,,,,,,,,,,,,,,,,,,,,,,,,,,,
Rwampara,2026-06-21,,215,36,,,,,,,,,,,,,,,,,,,,,,,,,,,,
Rwampara,2026-06-22,,225,37,,,,,,,,,,,,,,,,,,,,,,,,,,,,
Rwampara,2026-06-23,,225,37,,,,,,,,,,,,,,,,,,,,,,,,,,,,
Rwampara,2026-06-24,,237,40,,,,,,,,,,,,,,,,,,,,,,,,,,,,
Rwampara,2026-06-25,,258,43,,,,,,,,,,,,,,,,,,,,,,,,,,,,
Rwampara,2026-06-29,,295,60,,,,,,,,,,,,,,,,,,,,,,,,,,,,
Rwampara,2026-06-30,,301,61,,,,,,,,,,,,,,,,,,,,,,,,,,,,
Rwampara,2026-07-01,,308,63,,,,,,,,,,,,,,,,,,,,,,,,,,,,
Rwampara,2026-07-02,,322,67,,,,,,,,,,,,,,,,,,,,,,,,,,,,
Rwampara,2026-07-03,,333,69,,,,,,,,,,,,,,,,,,,,,,,,,,,,
Rwampara,2026-07-04,,344,71,,,,,,,,,,,,,,,,,,,,,,,,,,,,
Rwampara,2026-07-05,,349,72,,,,,,,,,,,,,,,,,,,,,,,,,,,,
Rwampara,2026-07-06,,357,75,,,,,,,,,,,,,,,,,,,,,,,,,,,,
Rwampara,2026-07-07,,364,76,,,,,,,,,,,,,,,,,,,,,,,,,,,,
Rwampara,2026-07-08,,370,80,,,,,,,,,,,,,,,,,,,,,,,,,,,,
Rwampara,2026-07-09,,373,83,,,,,,,,,,,,,,,,,,,,,,,,,,,,
Rwampara,2026-07-10,,384,89,,,,,,,,,,,,,,,,,,,,,,,,,,,,
Rwampara,2026-07-11,,393,90,,,,,,,,,,,,,,,,,,,,,,,,,,,,
Tchomia,2026-05-20,,,,,,,,,,,,,,,,,,,,,,,,,,291,291,0,0,291,291
Tchomia,2026-05-21,,,,,,,,,,,,,,,,,,,,,,,,,,130,130,0,0,130,130
Tchomia,2026-05-22,,,,1,,,,,,,,,,,,,,,1,,,,,,,148,167,19,19,167,148
Tchomia,2026-05-23,,,,,,,,,,,,,,,,,,,,,,,,,,148,167,19,19,167,148
Tchomia,2026-06-09,,2,0,,,,,,,,,,,,,,,,,,,,,,,,,,,,
Tchomia,2026-06-10,,2,0,,,,,,,,,,,,,,,,,,,,,,,,,,,,
Tchomia,2026-06-11,,2,0,,,,,,,,,,,,,,,,,,,,,,,,,,,,
Tchomia,2026-06-13,,2,0,,,,,,,,,,,,,,,,,,,,,,,,,,,,
Tchomia,2026-06-14,,2,0,,,,,,,,,,,,,,,,,,,,,,,,,,,,
Tchomia,2026-06-15,,2,0,,,,,,,,,,,,,,,,,,,,,,,,,,,,
Tchomia,2026-06-16,,5,,,,,,,,,,,,,,,,,,,,,,,,,,,,,
Tchomia,2026-06-17,,5,0,,,,,,,,,,,,,,,,,,,,,,,,,,,,
Tchomia,2026-06-18,,5,0,,,,,,,,,,,,,,,,,,,,,,,,,,,,
Tchomia,2026-06-19,,5,0,,,,,,,,,,,,,,,,,,,,,,,,,,,,
Tchomia,2026-06-20,,5,0,,,,,,,,,,,,,,,,,,,,,,,,,,,,
Tchomia,2026-06-21,,7,0,,,,,,,,,,,,,,,,,,,,,,,,,,,,
Tchomia,2026-06-22,,8,0,,,,,,,,,,,,,,,,,,,,,,,,,,,,
Tchomia,2026-06-23,,8,0,,,,,,,,,,,,,,,,,,,,,,,,,,,,
Tchomia,2026-06-24,,9,0,,,,,,,,,,,,,,,,,,,,,,,,,,,,
Tchomia,2026-06-25,,10,0,,,,,,,,,,,,,,,,,,,,,,,,,,,,
Tchomia,2026-06-29,,13,2,,,,,,,,,,,,,,,,,,,,,,,,,,,,
Tchomia,2026-06-30,,14,2,,,,,,,,,,,,,,,,,,,,,,,,,,,,
Tchomia,2026-07-01,,14,2,,,,,,,,,,,,,,,,,,,,,,,,,,,,
Tchomia,2026-07-02,,15,2,,,,,,,,,,,,,,,,,,,,,,,,,,,,
Tchomia,2026-07-03,,15,2,,,,,,,,,,,,,,,,,,,,,,,,,,,,
Tchomia,2026-07-04,,15,2,,,,,,,,,,,,,,,,,,,,,,,,,,,,
Tchomia,2026-07-05,,15,2,,,,,,,,,,,,,,,,,,,,,,,,,,,,
Tchomia,2026-07-06,,15,2,,,,,,,,,,,,,,,,,,,,,,,,,,,,
Tchomia,2026-07-07,,15,2,,,,,,,,,,,,,,,,,,,,,,,,,,,,
Tchomia,2026-07-08,,15,2,,,,,,,,,,,,,,,,,,,,,,,,,,,,
Tchomia,2026-07-09,,17,4,,,,,,,,,,,,,,,,,,,,,,,,,,,,
Tchomia,2026-07-10,,19,4,,,,,,,,,,,,,,,,,,,,,,,,,,,,
Tchomia,2026-07-11,,19,4,,,,,,,,,,,,,,,,,,,,,,,,,,,,
Vuhovi,2026-06-10,,1,1,,,,,,,,,,,,,,,,,,,,,,,,,,,,
Vuhovi,2026-06-11,,1,1,,,,,,,,,,,,,,,,,,,,,,,,,,,,
Vuhovi,2026-06-13,,1,1,,,,,,,,,,,,,,,,,,,,,,,,,,,,
Vuhovi,2026-06-14,,1,1,,,,,,,,,,,,,,,,,,,,,,,,,,,,
Vuhovi,2026-06-15,,1,1,,,,,,,,,,,,,,,,,,,,,,,,,,,,
Vuhovi,2026-06-16,,1,,,,,,,,,,,,,,,,,,,,,,,,,,,,,
Vuhovi,2026-06-17,,1,1,,,,,,,,,,,,,,,,,,,,,,,,,,,,
Vuhovi,2026-06-18,,1,1,,,,,,,,,,,,,,,,,,,,,,,,,,,,
Vuhovi,2026-06-19,,1,1,,,,,,,,,,,,,,,,,,,,,,,,,,,,
Vuhovi,2026-06-20,,1,1,,,,,,,,,,,,,,,,,,,,,,,,,,,,
Vuhovi,2026-06-21,,1,1,,,,,,,,,,,,,,,,,,,,,,,,,,,,
Vuhovi,2026-06-22,,1,1,,,,,,,,,,,,,,,,,,,,,,,,,,,,
Vuhovi,2026-06-23,,1,1,,,,,,,,,,,,,,,,,,,,,,,,,,,,
Vuhovi,2026-06-24,,1,1,,,,,,,,,,,,,,,,,,,,,,,,,,,,
Vuhovi,2026-06-25,,1,1,,,,,,,,,,,,,,,,,,,,,,,,,,,,
Vuhovi,2026-06-29,,1,1,,,,,,,,,,,,,,,,,,,,,,,,,,,,
Vuhovi,2026-06-30,,1,1,,,,,,,,,,,,,,,,,,,,,,,,,,,,
Vuhovi,2026-07-01,,1,1,,,,,,,,,,,,,,,,,,,,,,,,,,,,
Vuhovi,2026-07-02,,1,1,,,,,,,,,,,,,,,,,,,,,,,,,,,,
Vuhovi,2026-07-03,,1,1,,,,,,,,,,,,,,,,,,,,,,,,,,,,
Vuhovi,2026-07-04,,1,1,,,,,,,,,,,,,,,,,,,,,,,,,,,,
Vuhovi,2026-07-05,,1,1,,,,,,,,,,,,,,,,,,,,,,,,,,,,
Vuhovi,2026-07-06,,1,1,,,,,,,,,,,,,,,,,,,,,,,,,,,,
Vuhovi,2026-07-07,,1,1,,,,,,,,,,,,,,,,,,,,,,,,,,,,
Vuhovi,2026-07-08,,1,1,,,,,,,,,,,,,,,,,,,,,,,,,,,,
Vuhovi,2026-07-09,,1,1,,,,,,,,,,,,,,,,,,,,,,,,,,,,
Vuhovi,2026-07-10,,1,1,,,,,,,,,,,,,,,,,,,,,,,,,,,,
Vuhovi,2026-07-11,,1,1,,,,,,,,,,,,,,,,,,,,,,,,,,,,
Wamba,2026-07-10,,1,1,,,,,,,,,,,,,,,,,,,,,,,,,,,,
Wamba,2026-07-11,,1,1,,,,,,,,,,,,,,,,,,,,,,,,,,,,
,2026-06-01,,94,10,,,,,,,,,,,,,,,74,,,,,,,,,,,,,
,2026-06-02,,94,10,,,,,,,,,,,,,,,,,,,,,,,,,,,,
,2026-06-03,,97,1,,,,,,,,,,,,,,,,,,,,,,,,,,,,
,2026-06-04,,94,10,,,,,,,,,,,,,,,,,,,,,,,,,,,,
,2026-06-05,,94,10,,,,,,,,,,,,,,,,,,,,,,,,,,,,
,2026-06-06,,94,10,,,,,,,,,,,,,,,,,,,,,,,,,,,,
,2026-06-07,,94,10,,,,,,,,,,,,,,,,,,,,,,,,,,,,
,2026-06-08,,94,10,,,,,,,,,,,,,,,,,,,,,,,,,,,,
,2026-06-09,,94,10,,,,,,,,,,,,,,,,,,,,,,,,,,,,
,2026-06-10,,94,10,,,,,,,,,,,,,,,,,,,,,,,,,,,,
,2026-06-11,,94,10,,,,,,,,,,,,,,,,,,,,,,,,,,,,
,2026-06-13,,94,10,,,,,,,,,,,,,,,,,,,,,,,,,,,,
,2026-06-14,,94,10,,,,,,,,,,,,,,,,,,,,,,,,,,,,
,2026-06-15,,94,10,,,,,,,,,,,,,,,,,,,,,,,,,,,,
,2026-06-17,,17,0,,,,,,,,,,,,,,,,,,,,,,,,,,,,
,2026-06-18,,17-,0,,,,,,,,,,,,,,,,,,,,,,,,,,,,
,2026-06-19,,17,0,,,,,,,,,,,,,,,,,,,,,,,,,,,,
,2026-06-20,,17,0,,,,,,,,,,,,,,,,,,,,,,,,,,,,
,2026-06-21,,17,0,,,,,,,,,,,,,,,,,,,,,,,,,,,,
,2026-06-22,,17,0,,,,,,,,,,,,,,,,,,,,,,,,,,,,
,2026-06-23,,17,0,,,,,,,,,,,,,,,,,,,,,,,,,,,,
,2026-06-24,,17,0,,,,,,,,,,,,,,,,,,,,,,,,,,,,
,2026-06-25,,17,0,,,,,,,,,,,,,,,,,,,,,,,,,,,,
,2026-06-29,,17,0,,,,,,,,,,,,,,,,,,,,,,,,,,,,
,2026-06-30,,17,0,,,,,,,,,,,,,,,,,,,,,,,,,,,,
,2026-07-01,,17,0,,,,,,,,,,,,,,,,,,,,,,,,,,,,
,2026-07-02,,17,0,,,,,,,,,,,,,,,,,,,,,,,,,,,,
,2026-07-03,,17,0,,,,,,,,,,,,,,,,,,,,,,,,,,,,
,2026-07-04,,17,0,,,,,,,,,,,,,,,,,,,,,,,,,,,,
,2026-07-05,,17,0,,,,,,,,,,,,,,,,,,,,,,,,,,,,
,2026-07-06,,17,0,,,,,,,,,,,,,,,,,,,,,,,,,,,,
,2026-07-07,,17,0,,,,,,,,,,,,,,,,,,,,,,,,,,,,
,2026-07-08,,17,0,,,,,,,,,,,,,,,,,,,,,,,,,,,,
,2026-07-09,,17,0,,,,,,,,,,,,,,,,,,,,,,,,,,,,
,2026-07-10,,17,0,,,,,,,,,,,,,,,,,,,,,,,,,,,,
,2026-07-11,,17,0,,,,,,,,,,,,,,,,,,,,,,,,,,,,
